en-Financial-service-accountants-A--K--Brown;http://www.akbrown.co.uk/
en-Financial-service-accountants-ACCSol;http://www.accsolaccountants.co.uk/
en-Financial-service-accountants-AJ-Malik-and-Co;http://www.ajmalik.co.uk/
en-Financial-service-accountants-ARK-Accountants;http://www.arkaccountants.com/
en-Financial-service-accountants-ARS-Accountants;http://arsaccountants.co.uk/
en-Financial-service-accountants-ATB-Accountancy-Services-Ltd-;http://www.atbaccountancy.com/
en-Financial-service-accountants-Abacus-Accountants;http://www.abacusaccountants.net/
en-Financial-service-accountants-Abercrombie-Gemmell;http://www.agca.co.uk/menu.html
en-Financial-service-accountants-Accountancy-Management-Services-Ltd;http://amsoffice.co.uk/
en-Financial-service-accountants-AccountingServicesOnline-net;http://www.accountingservicesonline.net/
en-Financial-service-accountants-Acklands;http://www.acklands.co.uk/
en-Financial-service-accountants-Active-Accountancy-Services;http://www.activeas.co.uk/
en-Financial-service-accountants-Acumen-Accounting-Ltd;http://www.acumen-accounting.co.uk/
en-Financial-service-accountants-Aisma;http://www.aisma.org.uk/
en-Financial-service-accountants-Alan-W-Simons;http://www.alanwsimons.com/
en-Financial-service-accountants-Alexander-Bookkeeping-Services;http://www.alexanderbookkeeping.co.uk/
en-Financial-service-accountants-Alexander-Ene;http://www.alexander-ene.com/
en-Financial-service-accountants-Alexander-Myerson---Co-;http://myersons.com/
en-Financial-service-accountants-Alexander-Sloan-and-Co;http://www.alexandersloan.co.uk/
en-Financial-service-accountants-Alliotts;http://www.alliotts.com/
en-Financial-service-accountants-Andrew-Brealey-Accountants;http://www.andrewbrealey.co.uk/
en-Financial-service-accountants-Andrew-Webster-Ltd;http://www.tax.uk.com/
en-Financial-service-accountants-Andrews-Accounting-Solutions;http://www.andrews-accounting.co.uk/
en-Financial-service-accountants-Apsleys;http://www.apsleys.com/
en-Financial-service-accountants-Arram-Berlyn-Gardner;http://www.abggroup.co.uk/
en-Financial-service-accountants-Asquith---Co;http://www.asquithand.co.uk/
en-Financial-service-accountants-Association-of-British-Independent-Chartered-Accountants;http://www.abiaf.co.uk/
en-Financial-service-accountants-Atholl-Scott;http://www.athollscott.co.uk/
en-Financial-service-accountants-BDO--UK-;http://www.bdo.co.uk/
en-Financial-service-accountants-BHG-Chartered-Accountants;http://www.bhgllp.com/
en-Financial-service-accountants-BSG-Valentine;http://www.bsgvalentine.com/
en-Financial-service-accountants-Baginsky-Cohen;http://www.baginskycohen.com/
en-Financial-service-accountants-Bain-Henry-Reid;http://www.bainhenryreid.co.uk/
en-Financial-service-accountants-Baker-Tilly;http://www.bakertilly.co.uk/
en-Financial-service-accountants-Balanced-Accounting;http://www.balancedaccounting.co.uk/
en-Financial-service-accountants-Ballams-Chartered-Accountants;http://www.ballams.co.uk/
en-Financial-service-accountants-Banks-Group;http://www.banksco.co.uk/
en-Financial-service-accountants-Bannerman-Johnstone-Maclay;http://www.bjm-ca.co.uk/
en-Financial-service-accountants-Barcant-Beardon;http://www.barcantbeardon.co.uk/
en-Financial-service-accountants-Barter-Durgan---Muir;http://www.barterdm.co.uk/
en-Financial-service-accountants-Bassett-Herron;http://www.bassettherron.co.uk/
en-Financial-service-accountants-Bates-Weston;http://www.batesweston.co.uk/
en-Financial-service-accountants-Beatons;http://www.beatons.co.uk/
en-Financial-service-accountants-Begbies-Chettle-Agar;http://begbieschettleagar.co.uk/
en-Financial-service-accountants-Bennett-Brooks;http://www.bennettbrooks.co.uk/
en-Financial-service-accountants-Benson-Wood-and-Co;http://www.bensonwood.co.uk/
en-Financial-service-accountants-Berg-Kaprow-Lewis;http://www.bkl.co.uk/
en-Financial-service-accountants-Bhatti-and-Co-;http://www.bhatti.co.uk/
en-Financial-service-accountants-Bick-Partnership;http://www.bickpartnership.co.uk/
en-Financial-service-accountants-Bill-Hay;http://www.billhay.co.uk/
en-Financial-service-accountants-Blackstone-Franks-Smith---Co;http://www.bfs-co.co.uk/
en-Financial-service-accountants-Blick-Rothenberg-Chartered-Accountants;http://www.blickrothenberg.com/
en-Financial-service-accountants-Blue-Dot-Consulting;http://www.bluedotconsulting.co.uk/
en-Financial-service-accountants-Bourne---Co;http://www.bourneandco.com/
en-Financial-service-accountants-Bourner-Bullock;http://www.bournerbullock.co.uk/
en-Financial-service-accountants-Bowker-Orford;http://www.bowkerorford.com/
en-Financial-service-accountants-Bright-Brown;http://www.brightbrown.com/
en-Financial-service-accountants-Broomfield--Alexander;http://www.broomfield.co.uk/
en-Financial-service-accountants-Brown-Butler;http://www.brownbutler.com/
en-Financial-service-accountants-C-Todd---Co;http://www.c-todd.com/
en-Financial-service-accountants-C-Quegan-and-Company;http://www.quegan.co.uk/
en-Financial-service-accountants-C-W-Turner-FCA;http://www.cwturner.co.uk/
en-Financial-service-accountants-CLB;http://www.clbcoopers.co.uk/
en-Financial-service-accountants-Caladine-Stevens;http://www.caladine.co.uk/
en-Financial-service-accountants-Campbell-Dallas;http://www.campbelldallas.co.uk/
en-Financial-service-accountants-Caplan-Associates;http://developyour.biz/
en-Financial-service-accountants-Castle-Accountants;http://www.accountanting4u.co.uk/
en-Financial-service-accountants-Chadwicks-Chartered-Accountants;http://www.chadwickllp.co.uk/
en-Financial-service-accountants-Chantrey-Vellacott-DFK;http://www.cvdfk.com/
en-Financial-service-accountants-Cheyette---Co;http://www.cheyettes.com/
en-Financial-service-accountants-Christie-Griffith;http://www.cgcweb.co.uk/
en-Financial-service-accountants-Churchill-Knight---Associates-Ltd;http://www.churchill-knight.co.uk/
en-Financial-service-accountants-City;http://www.citycas.co.uk/
en-Financial-service-accountants-Cole-Associates;http://www.cole-group.co.uk/
en-Financial-service-accountants-Company-Books;http://www.companybooks.co.uk/
en-Financial-service-accountants-Cranleys;http://www.cranleys.co.uk/
en-Financial-service-accountants-D-R-E--and-Co;http://www.dre.co.uk/
en-Financial-service-accountants-DA-Clark---Co;http://www.daclark.co.uk/
en-Financial-service-accountants-DM-Accounting;http://dmaccounting.co.uk/
en-Financial-service-accountants-DNB-Accounting-Ltd;http://www.dnbaccounting.co.uk/
en-Financial-service-accountants-DPC-Accountants;http://www.dpcaccountants.co.uk/
en-Financial-service-accountants-Danbro-Limited;http://www.danbro.co.uk/
en-Financial-service-accountants-David-Evans;http://www.evansaccountants.com/
en-Financial-service-accountants-Defacto-fd;http://www.defacto-fd.co.uk/
en-Financial-service-accountants-Dental-Business-Solutions-Chartered-Accountants;http://www.dentalbusinesssolutions.org.uk/
en-Financial-service-accountants-Dixon-Wilson-Chartered-Accountants;http://www.dixonwilson.com/
en-Financial-service-accountants-Dodd---Co;http://www.doddaccountants.co.uk/
en-Financial-service-accountants-Donald-Reid---Co;http://www.donaldreid.co.uk/
en-Financial-service-accountants-Duffy-Regan;http://www.duffyregan.co.uk/
en-Financial-service-accountants-Dutton-Moore;http://www.duttonmoore.co.uk/
en-Financial-service-accountants-Dyer-Partnership;http://www.dyerpartnership.us/
en-Financial-service-accountants-Easy-Accountancy;http://www.easyaccountancy.co.uk/
en-Financial-service-accountants-Ellacotts-LLP;http://www.ellacotts.co.uk/
en-Financial-service-accountants-Ellis---Co;http://www.ellis-uk.com/
en-Financial-service-accountants-First-Capital-Cashflow-plc;http://www.firstcapitalcashflow.co.uk/
en-Financial-service-accountants-Fitch-Chartered-Accountants;http://www.fitch.tv/
en-Financial-service-accountants-Fluency-Solutions-Ltd-;http://www.fluencysolutions.com/
en-Financial-service-accountants-Fox-Evans;http://www.foxevans.co.uk/
en-Financial-service-accountants-Fox-Jennings;http://www.fox-jennings.co.uk/
en-Financial-service-accountants-Franklin-Chartered-Accountants;http://www.franklin.uk.net/
en-Financial-service-accountants-French-Duncan;http://www.frenchduncan.co.uk/
en-Financial-service-accountants-Frenkel-Topping;http://www.frenkeltopping.co.uk/
en-Financial-service-accountants-G--W--Jones---Co-;http://www.gwjones.co.uk/
en-Financial-service-accountants-Gerrard-Accounting-and-Business-Services-Ltd;http://www.gerrardabs.co.uk/
en-Financial-service-accountants-Gilmour-Hamilton-and-Co-;http://www.gilmour-hamilton.co.uk/
en-Financial-service-accountants-Gobat-and-Smyth;http://www.gobatandsmyth.com/
en-Financial-service-accountants-Goodman-Jones;http://www.goodmanjones.co.uk/
en-Financial-service-accountants-Gordon-Leighton;http://www.gordonl.co.uk/
en-Financial-service-accountants-Grant-Thornton;http://www.grant-thornton.co.uk/
en-Financial-service-accountants-Green-Stone---Co-;http://www.greenstoneco.co.uk/
en-Financial-service-accountants-Gregory-Wildman;http://www.gregwild.co.uk/
en-Financial-service-accountants-Griffin-Chapman;http://www.griffin-chapman.co.uk/
en-Financial-service-accountants-Griffiths-Wilcock---Co;http://www.griffithswilcock.co.uk/
en-Financial-service-accountants-HW-Internal-Audit-Services;http://www.hwias.co.uk/
en-Financial-service-accountants-Haines-Watts;http://www.hwca.com/
en-Financial-service-accountants-Hall-Accountancy-Services-Ltd;http://www.hall-accountancy.co.uk/
en-Financial-service-accountants-Hardie-Caldwell-Chartered-Accountants;http://www.hardiecaldwell.co.uk/
en-Financial-service-accountants-Haslers;http://www.haslers.com/
en-Financial-service-accountants-Heathcote--Coleman;http://www.heathcote-coleman.co.uk/
en-Financial-service-accountants-Henderson-Taxation-and-Accountancy-Services;http://www.henderson-taxation.co.uk/
en-Financial-service-accountants-Hessett-Limited;http://www.oneaccounting.co.uk/
en-Financial-service-accountants-Hicks-and-Company;http://www.charteredaccountants.co.uk/
en-Financial-service-accountants-Horwath-Clark;http://www.horwathcw.com/
en-Financial-service-accountants-Howard-Frank---Co;http://www.howardfrank.co.uk/
en-Financial-service-accountants-Howards;http://www.howardsca.co.uk/
en-Financial-service-accountants-IT-Accounting;http://www.itaccounting.co.uk/
en-Financial-service-accountants-Indigo;http://www.indigotax.com/
en-Financial-service-accountants-Institute-of-Certified-Book-Keepers;http://www.bookkeepers.org.uk/
en-Financial-service-accountants-Isosceles-Finance;http://www.isoscelesfinance.co.uk/
en-Financial-service-accountants-J--W--Scrivens-and-Co-;http://www.jwscrivens.co.uk/
en-Financial-service-accountants-JMD-Consulting;http://www.jmdconsulting.co.uk/
en-Financial-service-accountants-Jay---Co-;http://www.jay-co.co.uk/
en-Financial-service-accountants-John-Wildman-Chartered-Accountants;http://www.jwaccounts.com/
en-Financial-service-accountants-Johnsons-Chartered-Accounatnts;http://www.johnsonsca.com/
en-Financial-service-accountants-Johnston-Carmichael;http://www.jcca.co.uk/
en-Financial-service-accountants-Jordan---Company;http://www.jordan-ca.co.uk/
en-Financial-service-accountants-K-J-Pittalis---Co;http://www.kjpittalis.co.uk/
en-Financial-service-accountants-K-A--Javid-and-Co;http://www.kajavid.com/
en-Financial-service-accountants-KPMG;http://www.kpmg.co.uk/
en-Financial-service-accountants-Key-Accounting;http://www.keyaccounting.co.uk/
en-Financial-service-accountants-LEES;http://www.leesaccountants.co.uk/
en-Financial-service-accountants-Lanham-and-Company;http://www.lanham.co.uk/
en-Financial-service-accountants-Leigh-Christou---Co;http://www.leigh-christou.co.uk/
en-Financial-service-accountants-Lopian-Gross-Barnet;http://www.lopiangb.co.uk/
en-Financial-service-accountants-Louw-and-Company;http://www.louwandco.com/
en-Financial-service-accountants-Lubbock-Fine;http://www.lubbockfine.co.uk/
en-Financial-service-accountants-Lucas-Levy-Associates;http://www.lucaslevyassociates.co.uk/
en-Financial-service-accountants-Lysi-Specialist-Accountancy-Services;http://www.lysi.co.uk/
en-Financial-service-accountants-M-J-Smith-and-Co-Ltd;http://www.mjsmith.co.uk/
en-Financial-service-accountants-MGI;http://www.mgi-uk.com/
en-Financial-service-accountants-MPW-Chartered-Accountants;http://www.mpwca.com/
en-Financial-service-accountants-MRAccountancy;http://www.mraccountancy.com/
en-Financial-service-accountants-Mac-Kotecha---Company;http://specialistdentalaccountants.co.uk/
en-Financial-service-accountants-MacMillan-Craig;http://www.macmillancraig.co.uk/
en-Financial-service-accountants-Maurice-J-Bushell-and-Co;http://www.mjb.co.uk/
en-Financial-service-accountants-Mazars;http://www.mazars.co.uk/
en-Financial-service-accountants-McAllisters---Chartered-Accountants;http://www.mcallisters-ca.com/
en-Financial-service-accountants-McPhersons-Walpole-Harding;http://www.mcpwh.co.uk/
en-Financial-service-accountants-Mercer---Hole;http://www.mercerhole.co.uk/
en-Financial-service-accountants-Michael-Letch---Partners;http://www.michaelletch.co.uk/
en-Financial-service-accountants-Montpelier-Chartered-Accountants;http://www.montpelierchartered.com/
en-Financial-service-accountants-Moore-Stephens;http://www.moorestephens.co.uk/
en-Financial-service-accountants-Moore-Stephens-Chartered-Accountants;http://www.moorestephens.com/
en-Financial-service-accountants-Morris-Cook;http://www.morriscook.co.uk/
en-Financial-service-accountants-Moulton-Johnson;http://www.mjresults.co.uk/
en-Financial-service-accountants-Neilson-Renton---Co;http://jamesmcc.easycgi.com/neilson/
en-Financial-service-accountants-Nelson-Gilmour-Smith;http://www.nelsongilmoursmith.co.uk/
en-Financial-service-accountants-Nixon-Williams-Limited;http://www.nixonwilliams.com/
en-Financial-service-accountants-Numerion-Associates-LLP;http://www.numerion.co.uk/
en-Financial-service-accountants-Nyman-Libson-Paul;http://www.nymanlibsonpaul.co.uk/
en-Financial-service-accountants-Orange-Genie;http://www.orangegenie.com/
en-Financial-service-accountants-Outsource-Accountancy-Limited;http://www.outsourceaccountancy.co.uk/
en-Financial-service-accountants-PKF;http://www.pkf.co.uk/
en-Financial-service-accountants-Pacific-Group;http://www.pacificgroup.co.uk/
en-Financial-service-accountants-Peters-Elworthy---Moore;http://www.pem.co.uk/
en-Financial-service-accountants-Philip-Hudson---Co;http://www.philiphudson.co.uk/
en-Financial-service-accountants-Phipps---Co;http://www.phippsllp.co.uk/
en-Financial-service-accountants-Pin-Point;http://www.pinpointaccountants.co.uk/
en-Financial-service-accountants-Pink-Accounts;http://www.pink-accounts.co.uk/
en-Financial-service-accountants-Powdrill---Smith;http://www.powdrillsmith.co.uk/
en-Financial-service-accountants-Practiser;http://www.practiser.co.uk/
en-Financial-service-accountants-Pritchards-Chartered-Accountants;http://www.pritchardsca.co.uk/
en-Financial-service-accountants-RSM-Bentley-Jennison;http://www.bentley-jennison.co.uk/
en-Financial-service-accountants-Reilly-McMordie;http://www.reilly-mcmordie.co.uk/
en-Financial-service-accountants-Richard-Kyte-Associates;http://www.richardkyte.com/
en-Financial-service-accountants-Rickaby---Co;http://www.rickaby.co.uk/
en-Financial-service-accountants-Riley-Chartered-Accountants;http://www.rileycom.co.uk/
en-Financial-service-accountants-Robb-Ferguson;http://www.robbferguson.co.uk/
en-Financial-service-accountants-Robertson-Craig;http://www.robertsoncraig.co.uk/
en-Financial-service-accountants-Robinsons;http://www.robinsonslondon.com/
en-Financial-service-accountants-Roger-Lugg---Co-;http://www.rogerlugg.co.uk/
en-Financial-service-accountants-Rosalind-Woollard;http://www.woollard.org.uk/
en-Financial-service-accountants-Russell-Heath-Accountants;http://www.russellheath.co.uk/
en-Financial-service-accountants-SJD-Accountancy;http://www.sjdaccountancy.com/
en-Financial-service-accountants-Sage-and-Company;http://www.sageco.co.uk/
en-Financial-service-accountants-Saint-and-Co;http://www.saint.co.uk/
en-Financial-service-accountants-Samwood---Co-Chartered-Certified-Accountants;http://www.samwood.uk.com/
en-Financial-service-accountants-Schofields;http://www.schofieldsonline.co.uk/
en-Financial-service-accountants-Scholar---Co;http://www.accountantinilford.co.uk/
en-Financial-service-accountants-Scott-Moncrieff;http://www.scott-moncrieff.com/
en-Financial-service-accountants-Sellens-French;http://www.sellensfrench.com/
en-Financial-service-accountants-Shaw--Walker---Co-;http://shawwalker.co.uk/
en-Financial-service-accountants-Sibbald-and-Co-;http://www.sibbald.co.uk/
en-Financial-service-accountants-Sloane---Co;http://www.sloane.co.uk/
en-Financial-service-accountants-Small-Practitioners-Association;http://www.spa.org.uk/
en-Financial-service-accountants-Smith-Pearman-Chartered-Accountants;http://www.smithpearman.com/
en-Financial-service-accountants-Spofforths;http://www.spofforths.co.uk/
en-Financial-service-accountants-Stanley-Yule;http://www.stanleyyule.com/
en-Financial-service-accountants-Sterlings-Chartered-Accountants;http://www.sterlings.co.uk/
en-Financial-service-accountants-Stirk-Lambert---Co;http://www.stirklambert.co.uk/
en-Financial-service-accountants-Streets-Chartered-Accountants;http://www.streetsweb.co.uk/
en-Financial-service-accountants-Summers---Co-;http://www.sumco.co.uk/
en-Financial-service-accountants-TB-Dunn-and-Co;http://www.tbdunn.co.uk/
en-Financial-service-accountants-TTR-Barnes;http://www.ttrbarnes.com/
en-Financial-service-accountants-TaxAssist-Accountants;http://www.taxassist.co.uk/
en-Financial-service-accountants-Tenon-Group;http://www.tenongroup.com/
en-Financial-service-accountants-The-Fisher-Organisation;http://www.hwfisher.co.uk/
en-Financial-service-accountants-Thomas-Barrie---Co;http://www.thomasbarrie.co.uk/
en-Financial-service-accountants-TiernayFedrick;http://www.tiernayfedrick.com/
en-Financial-service-accountants-Tindell-Grant-and-Co;http://www.tindellgrant.co.uk/
en-Financial-service-accountants-Turner-Peachey;http://www.turner-peachey.co.uk/
en-Financial-service-accountants-UHY-Hacker-Young;http://www.uhy-uk.com/
en-Financial-service-accountants-Vantis;http://www.vantisplc.com/
en-Financial-service-accountants-Wagstaffs;http://www.wags.co.uk/
en-Financial-service-accountants-Wellden-Turnbull;http://www.wtca.co.uk/
en-Financial-service-accountants-Williamson---Company;http://www.willconsult.co.uk/
en-Financial-service-accountants-Wingfield-Slater;http://www.wingfieldslater.co.uk/
en-Financial-service-accountants-Wingrave-Yeats;http://www.wingrave.co.uk/
en-Financial-service-accountants-Wise-and-Co;http://www.wiseandco.co.uk/
en-Financial-service-accountants-Wisteria;http://www.wisteria.co.uk/
en-Financial-service-accountants-Wylie---Bisset-Chartered-Accountants;http://www.wyliebisset.com/
en-Financial-service-accountants-ad-;http://www.adplusaccountants.co.uk/
en-Financial-service-accountants-planIT-Services-Limited;http://www.planitservices.co.uk/
