name;url
minefe-20100323;http://repos.kbaccess.org/static/fr-FR-ministeres/minefe-20100323/index.html
justice-20100323;http://repos.kbaccess.org/static/fr-FR-ministeres/justice-20100323/index.html
education-20100323;http://repos.kbaccess.org/static/fr-FR-ministeres/education-20100323/index.html
developpement-durable-20100323;http://repos.kbaccess.org/static/fr-FR-ministeres/developpement-durable-20100323/index.html
enseignement-sup-20100323;http://repos.kbaccess.org/static/fr-FR-ministeres/enseignement-sup-20100323/index.html
sante-jeunesse-sport-20100323;http://repos.kbaccess.org/static/fr-FR-ministeres/sante-jeunesse-sport-20100323/index.html
culture-20100323;http://repos.kbaccess.org/static/fr-FR-ministeres/culture-20100323/index.html
interieur-20100323;http://repos.kbaccess.org/static/fr-FR-ministeres/interieur-20100323/index.html
immigration-20100323;http://repos.kbaccess.org/static/fr-FR-ministeres/immigration-20100323/index.html
gouvernement-20100323;http://repos.kbaccess.org/static/fr-FR-ministeres/gouvernement-20100323/index.html
agriculture-20100323;http://repos.kbaccess.org/static/fr-FR-ministeres/agriculture-20100323/index.html
defense-20100323;http://repos.kbaccess.org/static/fr-FR-ministeres/defense-20100323/index.html
diplomatie-20100323;http://repos.kbaccess.org/static/fr-FR-ministeres/diplomatie-20100323/index.html
ministere-du-dedans-20100323;http://repos.kbaccess.org/static/fr-FR-ministeres/ministere-du-dedans-20100323/index.html
travail-et-solidarite-20100323;http://repos.kbaccess.org/static/fr-FR-ministeres/travail-et-solidarite-20100323/index.html
budget-20100323;http://repos.kbaccess.org/static/fr-FR-ministeres/budget-20100323/index.html
gihplr-20100323;http://repos.kbaccess.org/static/fr-FR-handicap/gihplr-20100323/index.html
handicap-international-20100323;http://repos.kbaccess.org/static/fr-FR-handicap/handicap-international-20100323/index.html
festical-handica-20100323;http://repos.kbaccess.org/static/fr-FR-handicap/festical-handica-20100323/index.html
discrimination-europe-20100323;http://repos.kbaccess.org/static/fr-FR-handicap/discrimination-europe-20100323/index.html
handicap-zero-20100323;http://repos.kbaccess.org/static/fr-FR-handicap/handicap-zero-20100323/index.html
handicanal-20100323;http://repos.kbaccess.org/static/fr-FR-handicap/handicanal-20100323/index.html
agefiph-20100323;http://repos.kbaccess.org/static/fr-FR-handicap/agefiph-20100323/index.html
handicap-fr-20100323;http://repos.kbaccess.org/static/fr-FR-handicap/handicap-fr-20100323/index.html
cecite-20100323;http://repos.kbaccess.org/static/fr-FR-handicap/cecite-20100323/index.html
handicap-org-20100323;http://repos.kbaccess.org/static/fr-FR-handicap/handicap-org-20100323/index.html
accessiweb-20100322;http://repos.kbaccess.org/static/fr-FR-accessibilite/accessiweb-20100322/index.html
lalibre-20100322;http://repos.kbaccess.org/static/fr-BE-news/lalibre-20100322/index.html
dhnet-20100322;http://repos.kbaccess.org/static/fr-BE-news/dhnet-20100322/index.html
lesoir-20100322;http://repos.kbaccess.org/static/fr-BE-news/lesoir-20100322/index.html
levif-20100322;http://repos.kbaccess.org/static/fr-BE-news/levif-20100322/index.html
taz-20100322;http://repos.kbaccess.org/static/de-DE-news/taz-20100322/index.html
jungefreiheit-20100322;http://repos.kbaccess.org/static/de-DE-news/jungefreiheit-20100322/index.html
inforadio-20100322;http://repos.kbaccess.org/static/de-DE-news/inforadio-20100322/index.html
handelsblatt-20100322;http://repos.kbaccess.org/static/de-DE-news/handelsblatt-20100322/index.html
faz-20100322;http://repos.kbaccess.org/static/de-DE-news/faz-20100322/index.html
sonntagsblatt-20100322;http://repos.kbaccess.org/static/de-DE-news/sonntagsblatt-20100322/index.html
neues-deutschland-20100322;http://repos.kbaccess.org/static/de-DE-news/neues-deutschland-20100322/index.html
zeit-20100322;http://repos.kbaccess.org/static/de-DE-news/zeit-20100322/index.html
tagesschau-20100322;http://repos.kbaccess.org/static/de-DE-news/tagesschau-20100322/index.html
bild-20100322;http://repos.kbaccess.org/static/de-DE-news/bild-20100322/index.html
jungewelt-20100322;http://repos.kbaccess.org/static/de-DE-news/jungewelt-20100322/index.html
wiwo-20100322;http://repos.kbaccess.org/static/de-DE-news/wiwo-20100322/index.html
dw-world-20100322;http://repos.kbaccess.org/static/de-DE-news/dw-world-20100322/index.html
stern-20100322;http://repos.kbaccess.org/static/de-DE-news/stern-20100322/index.html
rg-rb-20100322;http://repos.kbaccess.org/static/de-DE-news/rg-rb-20100322/index.html
finanznachrichten-20100322;http://repos.kbaccess.org/static/de-DE-news/finanznachrichten-20100322/index.html
urlaubtipp-20100322;http://repos.kbaccess.org/static/de-DE-news/urlaubtipp-20100322/index.html
focus-20100322;http://repos.kbaccess.org/static/de-DE-news/focus-20100322/index.html
das-weisse-pferd-20100322;http://repos.kbaccess.org/static/de-DE-news/das-weisse-pferd-20100322/index.html
ostpreussenblatt-20100322;http://repos.kbaccess.org/static/de-DE-news/ostpreussenblatt-20100322/index.html
reuters-20100322;http://repos.kbaccess.org/static/de-DE-news/reuters-20100322/index.html
pipeline-20100322;http://repos.kbaccess.org/static/de-DE-news/pipeline-20100322/index.html
spiegel-20100322;http://repos.kbaccess.org/static/de-DE-news/spiegel-20100322/index.html
welt-20100322;http://repos.kbaccess.org/static/de-DE-news/welt-20100322/index.html
kontakt-online-20100322;http://repos.kbaccess.org/static/de-DE-news/kontakt-online-20100322/index.html
sueddeutsche-20100322;http://repos.kbaccess.org/static/de-DE-news/sueddeutsche-20100322/index.html
adapei-20100323;http://repos.kbaccess.org/static/fr-FR-gallerie-AW-2008/adapei-20100323/index.html
maison-sciences-de-lhomme-20100323;http://repos.kbaccess.org/static/fr-FR-gallerie-AW-2008/maison-sciences-de-lhomme-20100323/index.html
msa-20100323;http://repos.kbaccess.org/static/fr-FR-gallerie-AW-2008/msa-20100323/index.html
hopital-gap-20100323;http://repos.kbaccess.org/static/fr-FR-gallerie-AW-2008/hopital-gap-20100323/index.html
alain-gavand-consultants-20100323;http://repos.kbaccess.org/static/fr-FR-gallerie-AW-2008/alain-gavand-consultants-20100323/index.html
natixis-20100323;http://repos.kbaccess.org/static/fr-FR-gallerie-AW-2008/natixis-20100323/index.html
centre-pleine-nature-20100323;http://repos.kbaccess.org/static/fr-FR-gallerie-AW-2008/centre-pleine-nature-20100323/index.html
fondation-groupama-20100323;http://repos.kbaccess.org/static/fr-FR-gallerie-AW-2008/fondation-groupama-20100323/index.html
intuitu-20100323;http://repos.kbaccess.org/static/fr-FR-gallerie-AW-2008/intuitu-20100323/index.html
dexia-sofaxis-20100323;http://repos.kbaccess.org/static/fr-FR-gallerie-AW-2008/dexia-sofaxis-20100323/index.html
cnsa-20100323;http://repos.kbaccess.org/static/fr-FR-gallerie-AW-2008/cnsa-20100323/index.html
lafarge-fr-20100323;http://repos.kbaccess.org/static/fr-FR-gallerie-AW-2008/lafarge-fr-20100323/index.html
tibus-20100323;http://repos.kbaccess.org/static/fr-FR-gallerie-AW-2008/tibus-20100323/index.html
cg-41-20100323;http://repos.kbaccess.org/static/fr-FR-gallerie-AW-2008/cg-41-20100323/index.html
lafarge-20100323;http://repos.kbaccess.org/static/fr-FR-gallerie-AW-2008/lafarge-20100323/index.html
natural-net-20100323;http://repos.kbaccess.org/static/fr-FR-gallerie-AW-2008/natural-net-20100323/index.html
carac-20100323;http://repos.kbaccess.org/static/fr-FR-gallerie-AW-2008/carac-20100323/index.html
handicap-charentes-maritime-20100323;http://repos.kbaccess.org/static/fr-FR-gallerie-AW-2008/handicap-charentes-maritime-20100323/index.html
El-Mundo-Deportivo-20100322;http://repos.kbaccess.org/static/es-ES-news/El-Mundo-Deportivo-20100322/index.html
La-Razon-20100322;http://repos.kbaccess.org/static/es-ES-news/La-Razon-20100322/index.html
El-Correo-20100322;http://repos.kbaccess.org/static/es-ES-news/El-Correo-20100322/index.html
Cambio16-20100322;http://repos.kbaccess.org/static/es-ES-news/Cambio16-20100322/index.html
La-Vanguardia-20100322;http://repos.kbaccess.org/static/es-ES-news/La-Vanguardia-20100322/index.html
El-Mundo-20100322;http://repos.kbaccess.org/static/es-ES-news/El-Mundo-20100322/index.html
Maxi-Futbol-20100322;http://repos.kbaccess.org/static/es-ES-news/Maxi-Futbol-20100322/index.html
Diario-vasco-20100322;http://repos.kbaccess.org/static/es-ES-news/Diario-vasco-20100322/index.html
Deia-20100322;http://repos.kbaccess.org/static/es-ES-news/Deia-20100322/index.html
Que-20100322;http://repos.kbaccess.org/static/es-ES-news/Que-20100322/index.html
Estrella-Digital-20100322;http://repos.kbaccess.org/static/es-ES-news/Estrella-Digital-20100322/index.html
El-Pais-20100322;http://repos.kbaccess.org/static/es-ES-news/El-Pais-20100322/index.html
Aeroport-Dole-20100322;http://repos.kbaccess.org/static/fr-FR-aeroports/Aeroport-Dole-20100322/index.html
Aeroport-Caen-20100322;http://repos.kbaccess.org/static/fr-FR-aeroports/Aeroport-Caen-20100322/index.html
Aeroport-Martinique-20100322;http://repos.kbaccess.org/static/fr-FR-aeroports/Aeroport-Martinique-20100322/index.html
Aeroport-Marseille-Provence-2-20100322;http://repos.kbaccess.org/static/fr-FR-aeroports/Aeroport-Marseille-Provence-2-20100322/index.html
Aeroport-Limoges-20100322;http://repos.kbaccess.org/static/fr-FR-aeroports/Aeroport-Limoges-20100322/index.html
Aeroport-Le-Havre-20100322;http://repos.kbaccess.org/static/fr-FR-aeroports/Aeroport-Le-Havre-20100322/index.html
Aeroport-Chambery-20100322;http://repos.kbaccess.org/static/fr-FR-aeroports/Aeroport-Chambery-20100322/index.html
Aeroport-Picardie-20100322;http://repos.kbaccess.org/static/fr-FR-aeroports/Aeroport-Picardie-20100322/index.html
Aeroport-Toulon-20100322;http://repos.kbaccess.org/static/fr-FR-aeroports/Aeroport-Toulon-20100322/index.html
Aeroport-Poitiers-20100322;http://repos.kbaccess.org/static/fr-FR-aeroports/Aeroport-Poitiers-20100322/index.html
Aeroport-Guadeloupe-20100322;http://repos.kbaccess.org/static/fr-FR-aeroports/Aeroport-Guadeloupe-20100322/index.html
Aeroport-Nice-20100322;http://repos.kbaccess.org/static/fr-FR-aeroports/Aeroport-Nice-20100322/index.html
Aeroport-Bastia-20100322;http://repos.kbaccess.org/static/fr-FR-aeroports/Aeroport-Bastia-20100322/index.html
Aeroport-Avignon-20100322;http://repos.kbaccess.org/static/fr-FR-aeroports/Aeroport-Avignon-20100322/index.html
Aeroport-Deauville-20100322;http://repos.kbaccess.org/static/fr-FR-aeroports/Aeroport-Deauville-20100322/index.html
Aeroports-de-Paris-20100322;http://repos.kbaccess.org/static/fr-FR-aeroports/Aeroports-de-Paris-20100322/index.html
Aeroport-Toulouse-20100322;http://repos.kbaccess.org/static/fr-FR-aeroports/Aeroport-Toulouse-20100322/index.html
Aeroport-St-Tropez-20100322;http://repos.kbaccess.org/static/fr-FR-aeroports/Aeroport-St-Tropez-20100322/index.html
Aeroport-Quimper-20100322;http://repos.kbaccess.org/static/fr-FR-aeroports/Aeroport-Quimper-20100322/index.html
Aeroport-Nancy-20100322;http://repos.kbaccess.org/static/fr-FR-aeroports/Aeroport-Nancy-20100322/index.html
Aeroport-Agen-20100322;http://repos.kbaccess.org/static/fr-FR-aeroports/Aeroport-Agen-20100322/index.html
Aeroport-Annecy-20100322;http://repos.kbaccess.org/static/fr-FR-aeroports/Aeroport-Annecy-20100322/index.html
Aeroport-Orleans-20100322;http://repos.kbaccess.org/static/fr-FR-aeroports/Aeroport-Orleans-20100322/index.html
Aeroport-Metz-20100322;http://repos.kbaccess.org/static/fr-FR-aeroports/Aeroport-Metz-20100322/index.html
Aeroport-Chateauroux-20100322;http://repos.kbaccess.org/static/fr-FR-aeroports/Aeroport-Chateauroux-20100322/index.html
Aeroport-Tours-20100322;http://repos.kbaccess.org/static/fr-FR-aeroports/Aeroport-Tours-20100322/index.html
Aeroport-Figari-20100322;http://repos.kbaccess.org/static/fr-FR-aeroports/Aeroport-Figari-20100322/index.html
Aeroport-Brest-20100322;http://repos.kbaccess.org/static/fr-FR-aeroports/Aeroport-Brest-20100322/index.html
Aeroport-Colmar-20100322;http://repos.kbaccess.org/static/fr-FR-aeroports/Aeroport-Colmar-20100322/index.html
Aeroport-Tarbes-20100322;http://repos.kbaccess.org/static/fr-FR-aeroports/Aeroport-Tarbes-20100322/index.html
Aeroport-Biarritz-20100322;http://repos.kbaccess.org/static/fr-FR-aeroports/Aeroport-Biarritz-20100322/index.html
Aeroport-Ajaccio-20100322;http://repos.kbaccess.org/static/fr-FR-aeroports/Aeroport-Ajaccio-20100322/index.html
Aeroport-Beauvais-20100322;http://repos.kbaccess.org/static/fr-FR-aeroports/Aeroport-Beauvais-20100322/index.html
Aeroport-Bergerac-20100322;http://repos.kbaccess.org/static/fr-FR-aeroports/Aeroport-Bergerac-20100322/index.html
Aeroport-Cannes-20100322;http://repos.kbaccess.org/static/fr-FR-aeroports/Aeroport-Cannes-20100322/index.html
Aeroport-Pierrefond-Reunion-20100322;http://repos.kbaccess.org/static/fr-FR-aeroports/Aeroport-Pierrefond-Reunion-20100322/index.html
Aeroport-Angouleme-20100322;http://repos.kbaccess.org/static/fr-FR-aeroports/Aeroport-Angouleme-20100322/index.html
Aeroport-Grenoble-20100322;http://repos.kbaccess.org/static/fr-FR-aeroports/Aeroport-Grenoble-20100322/index.html
Aeroport-Marseille-20100322;http://repos.kbaccess.org/static/fr-FR-aeroports/Aeroport-Marseille-20100322/index.html
Aeroport-Lorient-20100322;http://repos.kbaccess.org/static/fr-FR-aeroports/Aeroport-Lorient-20100322/index.html
Aeroports-de-Lyon-20100322;http://repos.kbaccess.org/static/fr-FR-aeroports/Aeroports-de-Lyon-20100322/index.html
Aeroport-Redon-20100322;http://repos.kbaccess.org/static/fr-FR-aeroports/Aeroport-Redon-20100322/index.html
Aeroport-Nantes-20100322;http://repos.kbaccess.org/static/fr-FR-aeroports/Aeroport-Nantes-20100322/index.html
Aeroport-Clermond-20100322;http://repos.kbaccess.org/static/fr-FR-aeroports/Aeroport-Clermond-20100322/index.html
Aeroport-Epinal-20100322;http://repos.kbaccess.org/static/fr-FR-aeroports/Aeroport-Epinal-20100322/index.html
Aeroport-Montpellier-20100322;http://repos.kbaccess.org/static/fr-FR-aeroports/Aeroport-Montpellier-20100322/index.html
Aeroport-Lannion-20100322;http://repos.kbaccess.org/static/fr-FR-aeroports/Aeroport-Lannion-20100322/index.html
Aeroport-Nimes-20100322;http://repos.kbaccess.org/static/fr-FR-aeroports/Aeroport-Nimes-20100322/index.html
Aeroport-Pau-20100322;http://repos.kbaccess.org/static/fr-FR-aeroports/Aeroport-Pau-20100322/index.html
Aeroport-Beziers-20100322;http://repos.kbaccess.org/static/fr-FR-aeroports/Aeroport-Beziers-20100322/index.html
Aeroport-Rennes-20100322;http://repos.kbaccess.org/static/fr-FR-aeroports/Aeroport-Rennes-20100322/index.html
Aeroport-Perpignan-20100322;http://repos.kbaccess.org/static/fr-FR-aeroports/Aeroport-Perpignan-20100322/index.html
Aeroport-Strasbourg-20100322;http://repos.kbaccess.org/static/fr-FR-aeroports/Aeroport-Strasbourg-20100322/index.html
Aeroport-Calvi-20100322;http://repos.kbaccess.org/static/fr-FR-aeroports/Aeroport-Calvi-20100322/index.html
Aeroport-Tahiti-20100322;http://repos.kbaccess.org/static/fr-FR-aeroports/Aeroport-Tahiti-20100322/index.html
Aeroport-Dijon-20100322;http://repos.kbaccess.org/static/fr-FR-aeroports/Aeroport-Dijon-20100322/index.html
Aeroport-Carcassone-20100322;http://repos.kbaccess.org/static/fr-FR-aeroports/Aeroport-Carcassone-20100322/index.html
Aeroport-Lille-20100322;http://repos.kbaccess.org/static/fr-FR-aeroports/Aeroport-Lille-20100322/index.html
Aeroport-St-Brieuc-20100322;http://repos.kbaccess.org/static/fr-FR-aeroports/Aeroport-St-Brieuc-20100322/index.html
Aeroport-St-Martin-Guadeloupe-20100322;http://repos.kbaccess.org/static/fr-FR-aeroports/Aeroport-St-Martin-Guadeloupe-20100322/index.html
Aeroport-La-Reunion-20100322;http://repos.kbaccess.org/static/fr-FR-aeroports/Aeroport-La-Reunion-20100322/index.html
Aeroport-Quiberon-20100322;http://repos.kbaccess.org/static/fr-FR-aeroports/Aeroport-Quiberon-20100322/index.html
Aeroport-Valenciennes-20100322;http://repos.kbaccess.org/static/fr-FR-aeroports/Aeroport-Valenciennes-20100322/index.html
Aeroport-Le-Touquet-20100322;http://repos.kbaccess.org/static/fr-FR-aeroports/Aeroport-Le-Touquet-20100322/index.html
Aeroport-Muhlouse-20100322;http://repos.kbaccess.org/static/fr-FR-aeroports/Aeroport-Muhlouse-20100322/index.html
Aeroport-Paris-Vatry-20100322;http://repos.kbaccess.org/static/fr-FR-aeroports/Aeroport-Paris-Vatry-20100322/index.html
Aeroport-St-Etienne-20100322;http://repos.kbaccess.org/static/fr-FR-aeroports/Aeroport-St-Etienne-20100322/index.html
Aeroport-St-Yan-20100322;http://repos.kbaccess.org/static/fr-FR-aeroports/Aeroport-St-Yan-20100322/index.html
Aeroport-Chalon-20100322;http://repos.kbaccess.org/static/fr-FR-aeroports/Aeroport-Chalon-20100322/index.html
Aeroport-Rouen-20100322;http://repos.kbaccess.org/static/fr-FR-aeroports/Aeroport-Rouen-20100322/index.html
Aeroport-Cannes-Heliport-20100322;http://repos.kbaccess.org/static/fr-FR-aeroports/Aeroport-Cannes-Heliport-20100322/index.html
Aeroport-La-Rochelle-20100322;http://repos.kbaccess.org/static/fr-FR-aeroports/Aeroport-La-Rochelle-20100322/index.html
Aeroport-Bordeaux-20100322;http://repos.kbaccess.org/static/fr-FR-aeroports/Aeroport-Bordeaux-20100322/index.html
bretagne-20100323;http://repos.kbaccess.org/static/fr-FR-conseils-regionaux/bretagne-20100323/index.html
corse-20100323;http://repos.kbaccess.org/static/fr-FR-conseils-regionaux/corse-20100323/index.html
nord-pas-de-calais-20100323;http://repos.kbaccess.org/static/fr-FR-conseils-regionaux/nord-pas-de-calais-20100323/index.html
auvergne-20100323;http://repos.kbaccess.org/static/fr-FR-conseils-regionaux/auvergne-20100323/index.html
ile-de-france-20100323;http://repos.kbaccess.org/static/fr-FR-conseils-regionaux/ile-de-france-20100323/index.html
languedoc-20100323;http://repos.kbaccess.org/static/fr-FR-conseils-regionaux/languedoc-20100323/index.html
rhones-alpes-20100323;http://repos.kbaccess.org/static/fr-FR-conseils-regionaux/rhones-alpes-20100323/index.html
alsace-20100323;http://repos.kbaccess.org/static/fr-FR-conseils-regionaux/alsace-20100323/index.html
picardie-20100323;http://repos.kbaccess.org/static/fr-FR-conseils-regionaux/picardie-20100323/index.html
haute-normandie-20100323;http://repos.kbaccess.org/static/fr-FR-conseils-regionaux/haute-normandie-20100323/index.html
champagne-ardenne-20100323;http://repos.kbaccess.org/static/fr-FR-conseils-regionaux/champagne-ardenne-20100323/index.html
martinique-20100323;http://repos.kbaccess.org/static/fr-FR-conseils-regionaux/martinique-20100323/index.html
guyane-20100323;http://repos.kbaccess.org/static/fr-FR-conseils-regionaux/guyane-20100323/index.html
limousin-20100323;http://repos.kbaccess.org/static/fr-FR-conseils-regionaux/limousin-20100323/index.html
poitou-charentes-20100323;http://repos.kbaccess.org/static/fr-FR-conseils-regionaux/poitou-charentes-20100323/index.html
basse-normandie-20100323;http://repos.kbaccess.org/static/fr-FR-conseils-regionaux/basse-normandie-20100323/index.html
aquitaine-20100323;http://repos.kbaccess.org/static/fr-FR-conseils-regionaux/aquitaine-20100323/index.html
franche-comte-20100323;http://repos.kbaccess.org/static/fr-FR-conseils-regionaux/franche-comte-20100323/index.html
bourgogne-20100323;http://repos.kbaccess.org/static/fr-FR-conseils-regionaux/bourgogne-20100323/index.html
lorraine-20100323;http://repos.kbaccess.org/static/fr-FR-conseils-regionaux/lorraine-20100323/index.html
paca-20100323;http://repos.kbaccess.org/static/fr-FR-conseils-regionaux/paca-20100323/index.html
midipyrenees-20100323;http://repos.kbaccess.org/static/fr-FR-conseils-regionaux/midipyrenees-20100323/index.html
reunion-20100323;http://repos.kbaccess.org/static/fr-FR-conseils-regionaux/reunion-20100323/index.html
guadeloupe-20100323;http://repos.kbaccess.org/static/fr-FR-conseils-regionaux/guadeloupe-20100323/index.html
centre-20100323;http://repos.kbaccess.org/static/fr-FR-conseils-regionaux/centre-20100323/index.html
pays-de-loire-20100323;http://repos.kbaccess.org/static/fr-FR-conseils-regionaux/pays-de-loire-20100323/index.html
rmc-20100323;http://repos.kbaccess.org/static/fr-FR-networks/rmc-20100323/index.html
france24-20100323;http://repos.kbaccess.org/static/fr-FR-networks/france24-20100323/index.html
arte-20100323;http://repos.kbaccess.org/static/fr-FR-networks/arte-20100323/index.html
gameone-20100323;http://repos.kbaccess.org/static/fr-FR-networks/gameone-20100323/index.html
w9-20100323;http://repos.kbaccess.org/static/fr-FR-networks/w9-20100323/index.html
gulli-20100323;http://repos.kbaccess.org/static/fr-FR-networks/gulli-20100323/index.html
skyrock-20100323;http://repos.kbaccess.org/static/fr-FR-networks/skyrock-20100323/index.html
tv8montblanc-20100323;http://repos.kbaccess.org/static/fr-FR-networks/tv8montblanc-20100323/index.html
radiofrance-20100323;http://repos.kbaccess.org/static/fr-FR-networks/radiofrance-20100323/index.html
lemouv-20100323;http://repos.kbaccess.org/static/fr-FR-networks/lemouv-20100323/index.html
serieclub-20100323;http://repos.kbaccess.org/static/fr-FR-networks/serieclub-20100323/index.html
direct8-20100323;http://repos.kbaccess.org/static/fr-FR-networks/direct8-20100323/index.html
comedie-20100323;http://repos.kbaccess.org/static/fr-FR-networks/comedie-20100323/index.html
canalplus-20100323;http://repos.kbaccess.org/static/fr-FR-networks/canalplus-20100323/index.html
rtl-20100323;http://repos.kbaccess.org/static/fr-FR-networks/rtl-20100323/index.html
mtv-20100323;http://repos.kbaccess.org/static/fr-FR-networks/mtv-20100323/index.html
nrj-20100323;http://repos.kbaccess.org/static/fr-FR-networks/nrj-20100323/index.html
francetelevisions-20100323;http://repos.kbaccess.org/static/fr-FR-networks/francetelevisions-20100323/index.html
europe1-20100323;http://repos.kbaccess.org/static/fr-FR-networks/europe1-20100323/index.html
musique-premiere-20100323;http://repos.kbaccess.org/static/fr-FR-networks/musique.premiere-20100323/index.html
eurosport-20100323;http://repos.kbaccess.org/static/fr-FR-networks/eurosport-20100323/index.html
rtl9-20100323;http://repos.kbaccess.org/static/fr-FR-networks/rtl9-20100323/index.html
rireetchansons-20100323;http://repos.kbaccess.org/static/fr-FR-networks/rireetchansons-20100323/index.html
tf1-20100323;http://repos.kbaccess.org/static/fr-FR-networks/tf1-20100323/index.html
tmc-20100323;http://repos.kbaccess.org/static/fr-FR-networks/tmc-20100323/index.html
m6-20100323;http://repos.kbaccess.org/static/fr-FR-networks/m6-20100323/index.html
canalj-20100323;http://repos.kbaccess.org/static/fr-FR-networks/canalj-20100323/index.html
nt1-20100323;http://repos.kbaccess.org/static/fr-FR-networks/nt1-20100323/index.html
novaplanet-20100323;http://repos.kbaccess.org/static/fr-FR-networks/novaplanet-20100323/index.html
disney-20100323;http://repos.kbaccess.org/static/fr-FR-networks/disney-20100323/index.html
paris-premiere-20100323;http://repos.kbaccess.org/static/fr-FR-networks/paris-premiere-20100323/index.html
Free-20100323;http://repos.kbaccess.org/static/fr-FR-fai/Free-20100323/index.html
Neuf-20100323;http://repos.kbaccess.org/static/fr-FR-fai/Neuf-20100323/index.html
la-grande-motte-20100323;http://repos.kbaccess.org/static/fr-FR-villes/la-grande-motte-20100323/index.html
nancy-20100323;http://repos.kbaccess.org/static/fr-FR-villes/nancy-20100323/index.html
grenoble-20100323;http://repos.kbaccess.org/static/fr-FR-villes/grenoble-20100323/index.html
marseille-20100323;http://repos.kbaccess.org/static/fr-FR-villes/marseille-20100323/index.html
lyon-20100323;http://repos.kbaccess.org/static/fr-FR-villes/lyon-20100323/index.html
nantes-20100323;http://repos.kbaccess.org/static/fr-FR-villes/nantes-20100323/index.html
lunel-20100323;http://repos.kbaccess.org/static/fr-FR-villes/lunel-20100323/index.html
strasbourg-20100323;http://repos.kbaccess.org/static/fr-FR-villes/strasbourg-20100323/index.html
nice-20100323;http://repos.kbaccess.org/static/fr-FR-villes/nice-20100323/index.html
toulon-20100323;http://repos.kbaccess.org/static/fr-FR-villes/toulon-20100323/index.html
nimes-20100323;http://repos.kbaccess.org/static/fr-FR-villes/nimes-20100323/index.html
montpellier-20100323;http://repos.kbaccess.org/static/fr-FR-villes/montpellier-20100323/index.html
abscon-20100323;http://repos.kbaccess.org/static/fr-FR-villes/abscon-20100323/index.html
lille-20100323;http://repos.kbaccess.org/static/fr-FR-villes/lille-20100323/index.html
arles-20100323;http://repos.kbaccess.org/static/fr-FR-villes/arles-20100323/index.html
palavas-20100323;http://repos.kbaccess.org/static/fr-FR-villes/palavas-20100323/index.html
paris-20100323;http://repos.kbaccess.org/static/fr-FR-villes/paris-20100323/index.html
toulouse-20100323;http://repos.kbaccess.org/static/fr-FR-villes/toulouse-20100323/index.html
crepy-en-valois-20100323;http://repos.kbaccess.org/static/fr-FR-villes/crepy-en-valois-20100323/index.html
bordeaux-20100323;http://repos.kbaccess.org/static/fr-FR-villes/bordeaux-20100323/index.html
cg-74-20100323;http://repos.kbaccess.org/static/fr-FR-conseils-generaux/cg-74-20100323/index.html
cg-21-cotedor-20100323;http://repos.kbaccess.org/static/fr-FR-conseils-generaux/cg-21-cotedor-20100323/index.html
cg-71-20100323;http://repos.kbaccess.org/static/fr-FR-conseils-generaux/cg-71-20100323/index.html
cg-16-20100323;http://repos.kbaccess.org/static/fr-FR-conseils-generaux/cg-16-20100323/index.html
cg-32-20100323;http://repos.kbaccess.org/static/fr-FR-conseils-generaux/cg-32-20100323/index.html
cg-70-20100323;http://repos.kbaccess.org/static/fr-FR-conseils-generaux/cg-70-20100323/index.html
cg-02-aisne-20100323;http://repos.kbaccess.org/static/fr-FR-conseils-generaux/cg-02-aisne-20100323/index.html
cg-05-20100323;http://repos.kbaccess.org/static/fr-FR-conseils-generaux/cg-05-20100323/index.html
cg-36-20100323;http://repos.kbaccess.org/static/fr-FR-conseils-generaux/cg-36-20100323/index.html
cg-09-20100323;http://repos.kbaccess.org/static/fr-FR-conseils-generaux/cg-09-20100323/index.html
cg-46-20100323;http://repos.kbaccess.org/static/fr-FR-conseils-generaux/cg-46-20100323/index.html
cg-77-20100323;http://repos.kbaccess.org/static/fr-FR-conseils-generaux/cg-77-20100323/index.html
cg-92-20100323;http://repos.kbaccess.org/static/fr-FR-conseils-generaux/cg-92-20100323/index.html
cg-12-20100323;http://repos.kbaccess.org/static/fr-FR-conseils-generaux/cg-12-20100323/index.html
cg-11-aude-20100323;http://repos.kbaccess.org/static/fr-FR-conseils-generaux/cg-11-aude-20100323/index.html
cg-89-20100323;http://repos.kbaccess.org/static/fr-FR-conseils-generaux/cg-89-20100323/index.html
cg-83-var-20100323;http://repos.kbaccess.org/static/fr-FR-conseils-generaux/cg-83-var-20100323/index.html
cg-86-20100323;http://repos.kbaccess.org/static/fr-FR-conseils-generaux/cg-86-20100323/index.html
cg-60-20100323;http://repos.kbaccess.org/static/fr-FR-conseils-generaux/cg-60-20100323/index.html
cg-61-20100323;http://repos.kbaccess.org/static/fr-FR-conseils-generaux/cg-61-20100323/index.html
cg-50-20100323;http://repos.kbaccess.org/static/fr-FR-conseils-generaux/cg-50-20100323/index.html
cg-29-20100323;http://repos.kbaccess.org/static/fr-FR-conseils-generaux/cg-29-20100323/index.html
cg-03-allier-20100323;http://repos.kbaccess.org/static/fr-FR-conseils-generaux/cg-03-allier-20100323/index.html
cg-34-herault-20100323;http://repos.kbaccess.org/static/fr-FR-conseils-generaux/cg-34-herault-20100323/index.html
cg-73-20100323;http://repos.kbaccess.org/static/fr-FR-conseils-generaux/cg-73-20100323/index.html
cg-27-20100323;http://repos.kbaccess.org/static/fr-FR-conseils-generaux/cg-27-20100323/index.html
cg-13-bouche-du-rhone-20100323;http://repos.kbaccess.org/static/fr-FR-conseils-generaux/cg-13-bouche-du-rhone-20100323/index.html
cg-90-20100323;http://repos.kbaccess.org/static/fr-FR-conseils-generaux/cg-90-20100323/index.html
cg-72-20100323;http://repos.kbaccess.org/static/fr-FR-conseils-generaux/cg-72-20100323/index.html
cg-64-20100323;http://repos.kbaccess.org/static/fr-FR-conseils-generaux/cg-64-20100323/index.html
cg-55-20100323;http://repos.kbaccess.org/static/fr-FR-conseils-generaux/cg-55-20100323/index.html
cg-975-20100323;http://repos.kbaccess.org/static/fr-FR-conseils-generaux/cg-975-20100323/index.html
cg-67-20100323;http://repos.kbaccess.org/static/fr-FR-conseils-generaux/cg-67-20100323/index.html
cg-40-20100323;http://repos.kbaccess.org/static/fr-FR-conseils-generaux/cg-40-20100323/index.html
cg-87-20100323;http://repos.kbaccess.org/static/fr-FR-conseils-generaux/cg-87-20100323/index.html
cg-15-cantal-20100323;http://repos.kbaccess.org/static/fr-FR-conseils-generaux/cg-15-cantal-20100323/index.html
cg-38-isere-20100323;http://repos.kbaccess.org/static/fr-FR-conseils-generaux/cg-38-isere-20100323/index.html
cg-2a-20100323;http://repos.kbaccess.org/static/fr-FR-conseils-generaux/cg-2a-20100323/index.html
cg-48-lozere-20100323;http://repos.kbaccess.org/static/fr-FR-conseils-generaux/cg-48-lozere-20100323/index.html
cg-976-mayotte-20100323;http://repos.kbaccess.org/static/fr-FR-conseils-generaux/cg-976-mayotte-20100323/index.html
cg-68-20100323;http://repos.kbaccess.org/static/fr-FR-conseils-generaux/cg-68-20100323/index.html
cg-49-20100323;http://repos.kbaccess.org/static/fr-FR-conseils-generaux/cg-49-20100323/index.html
cg-78-20100323;http://repos.kbaccess.org/static/fr-FR-conseils-generaux/cg-78-20100323/index.html
cg-47-20100323;http://repos.kbaccess.org/static/fr-FR-conseils-generaux/cg-47-20100323/index.html
cg-43-20100323;http://repos.kbaccess.org/static/fr-FR-conseils-generaux/cg-43-20100323/index.html
cg-81-20100323;http://repos.kbaccess.org/static/fr-FR-conseils-generaux/cg-81-20100323/index.html
cg-25-20100323;http://repos.kbaccess.org/static/fr-FR-conseils-generaux/cg-25-20100323/index.html
cg-62-pas-de-calais-20100323;http://repos.kbaccess.org/static/fr-FR-conseils-generaux/cg-62-pas-de-calais-20100323/index.html
cg-18-20100323;http://repos.kbaccess.org/static/fr-FR-conseils-generaux/cg-18-20100323/index.html
cg-63-20100323;http://repos.kbaccess.org/static/fr-FR-conseils-generaux/cg-63-20100323/index.html
cg-06-alpes-maritimes-20100323;http://repos.kbaccess.org/static/fr-FR-conseils-generaux/cg-06-alpes-maritimes-20100323/index.html
cg-23-20100323;http://repos.kbaccess.org/static/fr-FR-conseils-generaux/cg-23-20100323/index.html
cg-14-calvados-20100323;http://repos.kbaccess.org/static/fr-FR-conseils-generaux/cg-14-calvados-20100323/index.html
cg-971-guadeloupe-20100323;http://repos.kbaccess.org/static/fr-FR-conseils-generaux/cg-971-guadeloupe-20100323/index.html
cg-35-20100323;http://repos.kbaccess.org/static/fr-FR-conseils-generaux/cg-35-20100323/index.html
cg-42-20100323;http://repos.kbaccess.org/static/fr-FR-conseils-generaux/cg-42-20100323/index.html
cg-65-20100323;http://repos.kbaccess.org/static/fr-FR-conseils-generaux/cg-65-20100323/index.html
cg-2b-20100323;http://repos.kbaccess.org/static/fr-FR-conseils-generaux/cg-2b-20100323/index.html
cg-84-20100323;http://repos.kbaccess.org/static/fr-FR-conseils-generaux/cg-84-20100323/index.html
cg-93-20100323;http://repos.kbaccess.org/static/fr-FR-conseils-generaux/cg-93-20100323/index.html
cg-57-20100323;http://repos.kbaccess.org/static/fr-FR-conseils-generaux/cg-57-20100323/index.html
cg-39-20100323;http://repos.kbaccess.org/static/fr-FR-conseils-generaux/cg-39-20100323/index.html
cg-82-20100323;http://repos.kbaccess.org/static/fr-FR-conseils-generaux/cg-82-20100323/index.html
cg-54-20100323;http://repos.kbaccess.org/static/fr-FR-conseils-generaux/cg-54-20100323/index.html
cg-44-20100323;http://repos.kbaccess.org/static/fr-FR-conseils-generaux/cg-44-20100323/index.html
cg-37-20100323;http://repos.kbaccess.org/static/fr-FR-conseils-generaux/cg-37-20100323/index.html
cg-41-20100323;http://repos.kbaccess.org/static/fr-FR-conseils-generaux/cg-41-20100323/index.html
cg-80-somme-20100323;http://repos.kbaccess.org/static/fr-FR-conseils-generaux/cg-80-somme-20100323/index.html
cg-26-20100323;http://repos.kbaccess.org/static/fr-FR-conseils-generaux/cg-26-20100323/index.html
cg-31-garonne-20100323;http://repos.kbaccess.org/static/fr-FR-conseils-generaux/cg-31-garonne-20100323/index.html
cg-66-pyrennees-orientales-20100323;http://repos.kbaccess.org/static/fr-FR-conseils-generaux/cg-66-pyrennees-orientales-20100323/index.html
cg-95-20100323;http://repos.kbaccess.org/static/fr-FR-conseils-generaux/cg-95-20100323/index.html
cg-08-20100323;http://repos.kbaccess.org/static/fr-FR-conseils-generaux/cg-08-20100323/index.html
cg-56-20100323;http://repos.kbaccess.org/static/fr-FR-conseils-generaux/cg-56-20100323/index.html
cg-07-ardeche-20100323;http://repos.kbaccess.org/static/fr-FR-conseils-generaux/cg-07-ardeche-20100323/index.html
cg-01-ain-20100323;http://repos.kbaccess.org/static/fr-FR-conseils-generaux/cg-01-ain-20100323/index.html
cg-17-20100323;http://repos.kbaccess.org/static/fr-FR-conseils-generaux/cg-17-20100323/index.html
cg-52-20100323;http://repos.kbaccess.org/static/fr-FR-conseils-generaux/cg-52-20100323/index.html
cg-30-gard-20100323;http://repos.kbaccess.org/static/fr-FR-conseils-generaux/cg-30-gard-20100323/index.html
cg-33-gironde-20100323;http://repos.kbaccess.org/static/fr-FR-conseils-generaux/cg-33-gironde-20100323/index.html
cg-28-20100323;http://repos.kbaccess.org/static/fr-FR-conseils-generaux/cg-28-20100323/index.html
cg-91-20100323;http://repos.kbaccess.org/static/fr-FR-conseils-generaux/cg-91-20100323/index.html
cg-04-20100323;http://repos.kbaccess.org/static/fr-FR-conseils-generaux/cg-04-20100323/index.html
cg-51-20100323;http://repos.kbaccess.org/static/fr-FR-conseils-generaux/cg-51-20100323/index.html
cg-69-rhone-20100323;http://repos.kbaccess.org/static/fr-FR-conseils-generaux/cg-69-rhone-20100323/index.html
cg-973-guyane-20100323;http://repos.kbaccess.org/static/fr-FR-conseils-generaux/cg-973-guyane-20100323/index.html
cg-24-20100323;http://repos.kbaccess.org/static/fr-FR-conseils-generaux/cg-24-20100323/index.html
cg-974-reunion-20100323;http://repos.kbaccess.org/static/fr-FR-conseils-generaux/cg-974-reunion-20100323/index.html
cg-85-20100323;http://repos.kbaccess.org/static/fr-FR-conseils-generaux/cg-85-20100323/index.html
cg-19-correze-20100323;http://repos.kbaccess.org/static/fr-FR-conseils-generaux/cg-19-correze-20100323/index.html
cg-79-20100323;http://repos.kbaccess.org/static/fr-FR-conseils-generaux/cg-79-20100323/index.html
cg-972-martinique-20100323;http://repos.kbaccess.org/static/fr-FR-conseils-generaux/cg-972-martinique-20100323/index.html
cg-53-nord-20100323;http://repos.kbaccess.org/static/fr-FR-conseils-generaux/cg-53-nord-20100323/index.html
cg-59-20100323;http://repos.kbaccess.org/static/fr-FR-conseils-generaux/cg-59-20100323/index.html
cg-94-20100323;http://repos.kbaccess.org/static/fr-FR-conseils-generaux/cg-94-20100323/index.html
cg-88-20100323;http://repos.kbaccess.org/static/fr-FR-conseils-generaux/cg-88-20100323/index.html
cg-22-20100323;http://repos.kbaccess.org/static/fr-FR-conseils-generaux/cg-22-20100323/index.html
cg-45-20100323;http://repos.kbaccess.org/static/fr-FR-conseils-generaux/cg-45-20100323/index.html
cg-58-20100323;http://repos.kbaccess.org/static/fr-FR-conseils-generaux/cg-58-20100323/index.html
Devoteam-20100323;http://repos.kbaccess.org/static/fr-FR-SSII/Devoteam-20100323/index.html
Atos-Origin-20100323;http://repos.kbaccess.org/static/fr-FR-SSII/Atos-Origin-20100323/index.html
SQLI-20100323;http://repos.kbaccess.org/static/fr-FR-SSII/SQLI-20100323/index.html
Bearing-Point-20100323;http://repos.kbaccess.org/static/fr-FR-SSII/Bearing-Point-20100323/index.html
Unisys-20100323;http://repos.kbaccess.org/static/fr-FR-SSII/Unisys-20100323/index.html
Steria-20100323;http://repos.kbaccess.org/static/fr-FR-SSII/Steria-20100323/index.html
Cap-Gemini-20100323;http://repos.kbaccess.org/static/fr-FR-SSII/Cap-Gemini-20100323/index.html
Alten-20100323;http://repos.kbaccess.org/static/fr-FR-SSII/Alten-20100323/index.html
CS-20100323;http://repos.kbaccess.org/static/fr-FR-SSII/CS-20100323/index.html
Accenture-20100323;http://repos.kbaccess.org/static/fr-FR-SSII/Accenture-20100323/index.html
Logica-20100323;http://repos.kbaccess.org/static/fr-FR-SSII/Logica-20100323/index.html
Business-Decision-20100323;http://repos.kbaccess.org/static/fr-FR-SSII/Business-Decision-20100323/index.html
IBM-Global-Services-20100323;http://repos.kbaccess.org/static/fr-FR-SSII/IBM-Global-Services-20100323/index.html
Osiatis-20100323;http://repos.kbaccess.org/static/fr-FR-SSII/Osiatis-20100323/index.html
GFI-20100323;http://repos.kbaccess.org/static/fr-FR-SSII/GFI-20100323/index.html
Altran-20100323;http://repos.kbaccess.org/static/fr-FR-SSII/Altran-20100323/index.html
Bull-20100323;http://repos.kbaccess.org/static/fr-FR-SSII/Bull-20100323/index.html
Euriware-20100323;http://repos.kbaccess.org/static/fr-FR-SSII/Euriware-20100323/index.html
Sopra-20100323;http://repos.kbaccess.org/static/fr-FR-SSII/Sopra-20100323/index.html
Dufour-20100322;http://repos.kbaccess.org/static/en-EN-shipyard/Dufour-20100322/index.html
Bavaria-20100322;http://repos.kbaccess.org/static/en-EN-shipyard/Bavaria-20100322/index.html
Port-Tahiti-20100323;http://repos.kbaccess.org/static/fr-FR-ports/Port-Tahiti-20100323/index.html
Port-Strasbourg-20100323;http://repos.kbaccess.org/static/fr-FR-ports/Port-Strasbourg-20100323/index.html
Port-Guadeloupe-20100323;http://repos.kbaccess.org/static/fr-FR-ports/Port-Guadeloupe-20100323/index.html
Port-Rouen-20100323;http://repos.kbaccess.org/static/fr-FR-ports/Port-Rouen-20100323/index.html
Port-Bordeaux-20100323;http://repos.kbaccess.org/static/fr-FR-ports/Port-Bordeaux-20100323/index.html
Port-Rochefort-20100323;http://repos.kbaccess.org/static/fr-FR-ports/Port-Rochefort-20100323/index.html
Port-Nantes-20100323;http://repos.kbaccess.org/static/fr-FR-ports/Port-Nantes-20100323/index.html
Port-Caen-20100323;http://repos.kbaccess.org/static/fr-FR-ports/Port-Caen-20100323/index.html
Port-Boulogne-20100323;http://repos.kbaccess.org/static/fr-FR-ports/Port-Boulogne-20100323/index.html
Port-Le-Havre-20100323;http://repos.kbaccess.org/static/fr-FR-ports/Port-Le-Havre-20100323/index.html
Port-St-Pierre-d-Oleron-20100323;http://repos.kbaccess.org/static/fr-FR-ports/Port-St-Pierre-d'Oleron-20100323/index.html
Port-Sete-20100323;http://repos.kbaccess.org/static/fr-FR-ports/Port-Sete-20100323/index.html
Port-Marseille-20100323;http://repos.kbaccess.org/static/fr-FR-ports/Port-Marseille-20100323/index.html
Port-Brest-20100323;http://repos.kbaccess.org/static/fr-FR-ports/Port-Brest-20100323/index.html
Port-Arcachon-20100323;http://repos.kbaccess.org/static/fr-FR-ports/Port-Arcachon-20100323/index.html
Port-Paris-20100323;http://repos.kbaccess.org/static/fr-FR-ports/Port-Paris-20100323/index.html
Port-Calais-20100323;http://repos.kbaccess.org/static/fr-FR-ports/Port-Calais-20100323/index.html
Port-La-Rochelle-20100323;http://repos.kbaccess.org/static/fr-FR-ports/Port-La-Rochelle-20100323/index.html
Port-Dunkerque-20100323;http://repos.kbaccess.org/static/fr-FR-ports/Port-Dunkerque-20100323/index.html
Port-Lorient-20100323;http://repos.kbaccess.org/static/fr-FR-ports/Port-Lorient-20100323/index.html
tetu-20100323;http://repos.kbaccess.org/static/fr-FR-news/tetu-20100323/index.html
cosmopolitan-20100323;http://repos.kbaccess.org/static/fr-FR-news/cosmopolitan-20100323/index.html
ouest-france-20100323;http://repos.kbaccess.org/static/fr-FR-news/ouest-france-20100323/index.html
lemonde-20100323;http://repos.kbaccess.org/static/fr-FR-news/lemonde-20100323/index.html
midilibre-20100323;http://repos.kbaccess.org/static/fr-FR-news/midilibre-20100323/index.html
lepatriote-20100323;http://repos.kbaccess.org/static/fr-FR-news/lepatriote-20100323/index.html
laprovence-20100323;http://repos.kbaccess.org/static/fr-FR-news/laprovence-20100323/index.html
lecanardenchaine-20100323;http://repos.kbaccess.org/static/fr-FR-news/lecanardenchaine-20100323/index.html
charliehebdo-20100323;http://repos.kbaccess.org/static/fr-FR-news/charliehebdo-20100323/index.html
lavoixdunord-20100323;http://repos.kbaccess.org/static/fr-FR-news/lavoixdunord-20100323/index.html
parismatch-20100323;http://repos.kbaccess.org/static/fr-FR-news/parismatch-20100323/index.html
Vingt-Minutes-Fr-20100323;http://repos.kbaccess.org/static/fr-FR-news/20minutes-20100323/index.html
sinehebdo-20100323;http://repos.kbaccess.org/static/fr-FR-news/sinehebdo-20100323/index.html
entrevue-20100323;http://repos.kbaccess.org/static/fr-FR-news/entrevue-20100323/index.html
cahiersdufootball-20100323;http://repos.kbaccess.org/static/fr-FR-news/cahiersdufootball-20100323/index.html
la-croix-20100323;http://repos.kbaccess.org/static/fr-FR-news/la-croix-20100323/index.html
lepoint-20100323;http://repos.kbaccess.org/static/fr-FR-news/lepoint-20100323/index.html
sofoot-20100323;http://repos.kbaccess.org/static/fr-FR-news/sofoot-20100323/index.html
gqmagazine-20100323;http://repos.kbaccess.org/static/fr-FR-news/gqmagazine-20100323/index.html
shoes-up-20100323;http://repos.kbaccess.org/static/fr-FR-news/shoes-up-20100323/index.html
leparisien-20100323;http://repos.kbaccess.org/static/fr-FR-news/leparisien-20100323/index.html
elle-20100323;http://repos.kbaccess.org/static/fr-FR-news/elle-20100323/index.html
jeunejolie-20100323;http://repos.kbaccess.org/static/fr-FR-news/jeunejolie-20100323/index.html
humanite-20100323;http://repos.kbaccess.org/static/fr-FR-news/humanite-20100323/index.html
nordeclair-20100323;http://repos.kbaccess.org/static/fr-FR-news/nordeclair-20100323/index.html
gala-20100323;http://repos.kbaccess.org/static/fr-FR-news/gala-20100323/index.html
direct-montpellier-plus-20100323;http://repos.kbaccess.org/static/fr-FR-news/direct-montpellier-plus-20100323/index.html
lefigaro-20100323;http://repos.kbaccess.org/static/fr-FR-news/lefigaro-20100323/index.html
femmeactuelle-20100323;http://repos.kbaccess.org/static/fr-FR-news/femmeactuelle-20100323/index.html
ledauphine-20100323;http://repos.kbaccess.org/static/fr-FR-news/ledauphine-20100323/index.html
lepatriote2-20100323;http://repos.kbaccess.org/static/fr-FR-news/lepatriote2-20100323/index.html
lexpress-20100323;http://repos.kbaccess.org/static/fr-FR-news/lexpress-20100323/index.html
voici-20100323;http://repos.kbaccess.org/static/fr-FR-news/voici-20100323/index.html
rue89-20100323;http://repos.kbaccess.org/static/fr-FR-news/rue89-20100323/index.html
telepoche-20100323;http://repos.kbaccess.org/static/fr-FR-news/telepoche-20100323/index.html
lequipe-20100323;http://repos.kbaccess.org/static/fr-FR-news/lequipe-20100323/index.html
varmatin-20100323;http://repos.kbaccess.org/static/fr-FR-news/varmatin-20100323/index.html
nicematin-20100323;http://repos.kbaccess.org/static/fr-FR-news/nicematin-20100323/index.html
journal-lamarseillaise-20100323;http://repos.kbaccess.org/static/fr-FR-news/journal-lamarseillaise-20100323/index.html
clarkmagazine-20100323;http://repos.kbaccess.org/static/fr-FR-news/clarkmagazine-20100323/index.html
telerama-20100323;http://repos.kbaccess.org/static/fr-FR-news/telerama-20100323/index.html
metrofrance-20100323;http://repos.kbaccess.org/static/fr-FR-news/metrofrance-20100323/index.html
closermag-20100323;http://repos.kbaccess.org/static/fr-FR-news/closermag-20100323/index.html
dourfestival-20100322;http://repos.kbaccess.org/static/fr-BE-festivals/dourfestival-20100322/index.html
pukkelpop-20100322;http://repos.kbaccess.org/static/fr-BE-festivals/pukkelpop-20100322/index.html
rockwerchter-20100322;http://repos.kbaccess.org/static/fr-BE-festivals/rockwerchter-20100322/index.html
credit-agricole-20100322;http://repos.kbaccess.org/static/fr-FR-banques/credit-agricole-20100322/index.html
credit-foncier-20100322;http://repos.kbaccess.org/static/fr-FR-banques/credit-foncier-20100322/index.html
credit-cooperatif-20100322;http://repos.kbaccess.org/static/fr-FR-banques/credit-cooperatif-20100322/index.html
credit-mutuel-20100322;http://repos.kbaccess.org/static/fr-FR-banques/credit-mutuel-20100322/index.html
caisse-epargne-20100322;http://repos.kbaccess.org/static/fr-FR-banques/caisse-epargne-20100322/index.html
bnp-paribas-20100322;http://repos.kbaccess.org/static/fr-FR-banques/bnp-paribas-20100322/index.html
smc-20100322;http://repos.kbaccess.org/static/fr-FR-banques/smc-20100322/index.html
laposte-20100322;http://repos.kbaccess.org/static/fr-FR-banques/laposte-20100322/index.html
credit-municipal-20100322;http://repos.kbaccess.org/static/fr-FR-banques/credit-municipal-20100322/index.html
fortuneo-20100322;http://repos.kbaccess.org/static/fr-FR-banques/fortuneo-20100322/index.html
credit-du-nord-20100322;http://repos.kbaccess.org/static/fr-FR-banques/credit-du-nord-20100322/index.html
natixis-20100322;http://repos.kbaccess.org/static/fr-FR-banques/natixis-20100322/index.html
banque-de-bretagne-20100322;http://repos.kbaccess.org/static/fr-FR-banques/banque-de-bretagne-20100322/index.html
societe-generale-20100322;http://repos.kbaccess.org/static/fr-FR-banques/societe-generale-20100322/index.html
hsbc-20100322;http://repos.kbaccess.org/static/fr-FR-banques/hsbc-20100322/index.html
banque-de-france-20100322;http://repos.kbaccess.org/static/fr-FR-banques/banque-de-france-20100322/index.html
banque-populaire-20100322;http://repos.kbaccess.org/static/fr-FR-banques/banque-populaire-20100322/index.html
lcl-20100322;http://repos.kbaccess.org/static/fr-FR-banques/lcl-20100322/index.html
youtube-20100323;http://repos.kbaccess.org/static/fr-FR-videos/youtube-20100323/index.html
vimeo-20100323;http://repos.kbaccess.org/static/fr-FR-videos/vimeo-20100323/index.html
dailymotion-20100323;http://repos.kbaccess.org/static/fr-FR-videos/dailymotion-20100323/index.html
Musee-Beaux-Arts-Pont-Aven-20100323;http://repos.kbaccess.org/static/fr-FR-musee-beaux-arts/Musee-Beaux-Arts-Pont-Aven-20100323/index.html
Musee-Beaux-Arts-Caen-20100323;http://repos.kbaccess.org/static/fr-FR-musee-beaux-arts/Musee-Beaux-Arts-Caen-20100323/index.html
Musee-Beaux-Arts-Lyon-20100323;http://repos.kbaccess.org/static/fr-FR-musee-beaux-arts/Musee-Beaux-Arts-Lyon-20100323/index.html
Musee-Beaux-Arts-Strasbourg-20100323;http://repos.kbaccess.org/static/fr-FR-musee-beaux-arts/Musee-Beaux-Arts-Strasbourg-20100323/index.html
Musee-Beaux-Arts-Nord-Pas-de-Calais-20100323;http://repos.kbaccess.org/static/fr-FR-musee-beaux-arts/Musee-Beaux-Arts-Nord-Pas-de-Calais-20100323/index.html
Musee-Beaux-Arts-Besancon-20100323;http://repos.kbaccess.org/static/fr-FR-musee-beaux-arts/Musee-Beaux-Arts-Besancon-20100323/index.html
Musee-Beaux-Arts-Valence-20100323;http://repos.kbaccess.org/static/fr-FR-musee-beaux-arts/Musee-Beaux-Arts-Valence-20100323/index.html
Musee-Beaux-Arts-Lille-20100323;http://repos.kbaccess.org/static/fr-FR-musee-beaux-arts/Musee-Beaux-Arts-Lille-20100323/index.html
Musee-Beaux-Arts-Rennes-20100323;http://repos.kbaccess.org/static/fr-FR-musee-beaux-arts/Musee-Beaux-Arts-Rennes-20100323/index.html
Musee-Beaux-Arts-Nice-20100323;http://repos.kbaccess.org/static/fr-FR-musee-beaux-arts/Musee-Beaux-Arts-Nice-20100323/index.html
Musee-Beaux-Arts-Quimper-20100323;http://repos.kbaccess.org/static/fr-FR-musee-beaux-arts/Musee-Beaux-Arts-Quimper-20100323/index.html
Musee-Beaux-Arts-Grenoble-20100323;http://repos.kbaccess.org/static/fr-FR-musee-beaux-arts/Musee-Beaux-Arts-Grenoble-20100323/index.html
Wauquiez-20100323;http://repos.kbaccess.org/static/fr-FR-chantiers-navals/Wauquiez-20100323/index.html
Dufour-20100323;http://repos.kbaccess.org/static/fr-FR-chantiers-navals/Dufour-20100323/index.html
TroisC-Composites-20100323;http://repos.kbaccess.org/static/fr-FR-chantiers-navals/3C-Composites-20100323/index.html
conforama-20100323;http://repos.kbaccess.org/static/fr-FR-grande-distribution/conforama-20100323/index.html
intersport-20100323;http://repos.kbaccess.org/static/fr-FR-grande-distribution/intersport-20100323/index.html
leader-price-20100323;http://repos.kbaccess.org/static/fr-FR-grande-distribution/leader-price-20100323/index.html
decathlon-20100323;http://repos.kbaccess.org/static/fr-FR-grande-distribution/decathlon-20100323/index.html
nature-et-decouverte-20100323;http://repos.kbaccess.org/static/fr-FR-grande-distribution/nature-et-decouverte-20100323/index.html
ikea-20100323;http://repos.kbaccess.org/static/fr-FR-grande-distribution/ikea-20100323/index.html
fnac-20100323;http://repos.kbaccess.org/static/fr-FR-grande-distribution/fnac-20100323/index.html
planet-saturn-20100323;http://repos.kbaccess.org/static/fr-FR-grande-distribution/planet-saturn-20100323/index.html
auchan-20100323;http://repos.kbaccess.org/static/fr-FR-grande-distribution/auchan-20100323/index.html
aldi-20100323;http://repos.kbaccess.org/static/fr-FR-grande-distribution/aldi-20100323/index.html
carrefour-20100323;http://repos.kbaccess.org/static/fr-FR-grande-distribution/carrefour-20100323/index.html
geant-casino-20100323;http://repos.kbaccess.org/static/fr-FR-grande-distribution/geant-casino-20100323/index.html
toysrus-20100323;http://repos.kbaccess.org/static/fr-FR-grande-distribution/toysrus-20100323/index.html
virgin-20100323;http://repos.kbaccess.org/static/fr-FR-grande-distribution/virgin-20100323/index.html
boulanger-20100323;http://repos.kbaccess.org/static/fr-FR-grande-distribution/boulanger-20100323/index.html
lidl-20100323;http://repos.kbaccess.org/static/fr-FR-grande-distribution/lidl-20100323/index.html
shopi-20100323;http://repos.kbaccess.org/static/fr-FR-grande-distribution/shopi-20100323/index.html
leclerc-20100323;http://repos.kbaccess.org/static/fr-FR-grande-distribution/leclerc-20100323/index.html
marionnaud-20100323;http://repos.kbaccess.org/static/fr-FR-grande-distribution/marionnaud-20100323/index.html
castorama-20100323;http://repos.kbaccess.org/static/fr-FR-grande-distribution/castorama-20100323/index.html
fownews-20100322;http://repos.kbaccess.org/static/en-US-news/fownews-20100322/index.html
Daily-News-20100322;http://repos.kbaccess.org/static/en-US-news/Daily-News-20100322/index.html
NewsWeek-20100322;http://repos.kbaccess.org/static/en-US-news/NewsWeek-20100322/index.html
Washington-Post-20100322;http://repos.kbaccess.org/static/en-US-news/Washington-Post-20100322/index.html
NY-Times-20100322;http://repos.kbaccess.org/static/en-US-news/NY-Times-20100322/index.html
LA-Times-20100322;http://repos.kbaccess.org/static/en-US-news/LA-Times-20100322/index.html
Time-20100322;http://repos.kbaccess.org/static/en-US-news/Time-20100322/index.html
Wall-Street-Journal-20100322;http://repos.kbaccess.org/static/en-US-news/Wall-Street-Journal-20100322/index.html
cnn-20100322;http://repos.kbaccess.org/static/en-US-news/cnn-20100322/index.html
msnbc-20100322;http://repos.kbaccess.org/static/en-US-news/msnbc-20100322/index.html
NY-Daily-News-20100322;http://repos.kbaccess.org/static/en-US-news/NY-Daily-News-20100322/index.html
Refuge-Pageau-20100323;http://repos.kbaccess.org/static/fr-QC-zoos/Refuge-Pageau-20100323/index.html
EcoMuseum-20100323;http://repos.kbaccess.org/static/fr-QC-zoos/EcoMuseum-20100323/index.html
Pavillon-de-la-Faune-20100323;http://repos.kbaccess.org/static/fr-QC-zoos/Pavillon-de-la-Faune-20100323/index.html
Biodome-20100323;http://repos.kbaccess.org/static/fr-QC-zoos/Biodome-20100323/index.html
Biodiversite-20100323;http://repos.kbaccess.org/static/fr-QC-zoos/Biodiversite-20100323/index.html
Bioparc-20100323;http://repos.kbaccess.org/static/fr-QC-zoos/Bioparc-20100323/index.html
Zoo-St-Edouard-20100323;http://repos.kbaccess.org/static/fr-QC-zoos/Zoo-St-Edouard-20100323/index.html
Exploramer-20100323;http://repos.kbaccess.org/static/fr-QC-zoos/Exploramer-20100323/index.html
Sepaq-20100323;http://repos.kbaccess.org/static/fr-QC-zoos/Sepaq-20100323/index.html
Parc-Safari-20100323;http://repos.kbaccess.org/static/fr-QC-zoos/Parc-Safari-20100323/index.html
transport-lyon-20100323;http://repos.kbaccess.org/static/fr-FR-gallerie-AW-2010/transport-lyon-20100323/index.html
mairie-maizieu-20100323;http://repos.kbaccess.org/static/fr-FR-gallerie-AW-2010/mairie-maizieu-20100323/index.html
lenouvelliste-20100322;http://repos.kbaccess.org/static/fr-CH-news/lenouvelliste-20100322/index.html
romandie-20100322;http://repos.kbaccess.org/static/fr-CH-news/romandie-20100322/index.html
Vingt-Minutes-CH-20100322;http://repos.kbaccess.org/static/fr-CH-news/20min-20100322/index.html
lematin-20100322;http://repos.kbaccess.org/static/fr-CH-news/lematin-20100322/index.html
journaldujura-20100322;http://repos.kbaccess.org/static/fr-CH-news/journaldujura-20100322/index.html
Label-5-20100322;http://repos.kbaccess.org/static/en-EN-alcohol/Label-5-20100322/index.html
JB-20100322;http://repos.kbaccess.org/static/en-EN-alcohol/J&B-20100322/index.html
Martini-20100322;http://repos.kbaccess.org/static/en-EN-alcohol/Martini-20100322/index.html
Eristoff-20100322;http://repos.kbaccess.org/static/en-EN-alcohol/Eristoff-20100322/index.html
Jack-Daniels-20100322;http://repos.kbaccess.org/static/en-EN-alcohol/Jack-Daniels-20100322/index.html
Smirnoff-20100322;http://repos.kbaccess.org/static/en-EN-alcohol/Smirnoff-20100322/index.html
achouffe-20100322;http://repos.kbaccess.org/static/fr-BE-beers/achouffe-20100322/index.html
cineyvirtuel-20100322;http://repos.kbaccess.org/static/fr-BE-beers/cineyvirtuel-20100322/index.html
delirium-20100322;http://repos.kbaccess.org/static/fr-BE-beers/delirium-20100322/index.html
jupiler-20100322;http://repos.kbaccess.org/static/fr-BE-beers/jupiler-20100322/index.html
Times-20100322;http://repos.kbaccess.org/static/en-GB-news/Times-20100322/index.html
Guardians-20100322;http://repos.kbaccess.org/static/en-GB-news/Guardians-20100322/index.html
The-independant-20100322;http://repos.kbaccess.org/static/en-GB-news/The-independant-20100322/index.html
Financial-times-20100322;http://repos.kbaccess.org/static/en-GB-news/Financial-times-20100322/index.html
BBC-20100322;http://repos.kbaccess.org/static/en-GB-news/BBC-20100322/index.html
euronews-20100322;http://repos.kbaccess.org/static/en-GB-news/euronews-20100322/index.html
Abdelkader-Benchamma-20100322;http://repos.kbaccess.org/static/fr-FR-art/Abdelkader-Benchamma-20100322/index.html
FRAC-Languedoc-Roussillon-20100322;http://repos.kbaccess.org/static/fr-FR-art/FRAC-Languedoc-Roussillon-20100322/index.html
Charles-CAMBEROQUE-20100322;http://repos.kbaccess.org/static/fr-FR-art/Charles-CAMBEROQUE-20100322/index.html
Paris-art-20100322;http://repos.kbaccess.org/static/fr-FR-art/Paris-art-20100322/index.html
Galerie-Air-de-Paris-20100322;http://repos.kbaccess.org/static/fr-FR-art/Galerie-Air-de-Paris-20100322/index.html
Enna-Chaton-20100322;http://repos.kbaccess.org/static/fr-FR-art/Enna-Chaton-20100322/index.html
Jose-Sales-Albella-20100322;http://repos.kbaccess.org/static/fr-FR-art/Jose-Sales-Albella-20100322/index.html
apec-20100323;http://repos.kbaccess.org/static/fr-FR-emploi/apec-20100323/index.html
pole-emploi-20100323;http://repos.kbaccess.org/static/fr-FR-emploi/pole-emploi-20100323/index.html
cadre-emploi-20100323;http://repos.kbaccess.org/static/fr-FR-emploi/cadre-emploi-20100323/index.html
Julienas-20100322;http://repos.kbaccess.org/static/fr-FR-alcohol/Julienas-20100322/index.html
Gigondas-20100322;http://repos.kbaccess.org/static/fr-FR-alcohol/Gigondas-20100322/index.html
Vin-de-Bandol-20100322;http://repos.kbaccess.org/static/fr-FR-alcohol/Vin-de-Bandol-20100322/index.html
Rhum-Charette-20100322;http://repos.kbaccess.org/static/fr-FR-alcohol/Rhum-Charette-20100322/index.html
Pic-St-Loup-20100322;http://repos.kbaccess.org/static/fr-FR-alcohol/Pic-St-Loup-20100322/index.html
Gravette-de-Corconnes-20100322;http://repos.kbaccess.org/static/fr-FR-alcohol/Gravette-de-Corconnes-20100322/index.html
Ricard-20100322;http://repos.kbaccess.org/static/fr-FR-alcohol/Ricard-20100322/index.html
Rhum-Dillon-20100322;http://repos.kbaccess.org/static/fr-FR-alcohol/Rhum-Dillon-20100322/index.html
Guigal-20100322;http://repos.kbaccess.org/static/fr-FR-alcohol/Guigal-20100322/index.html
Cheval-Blanc-20100322;http://repos.kbaccess.org/static/fr-FR-alcohol/Cheval-Blanc-20100322/index.html
Vins-Bourgogne-20100322;http://repos.kbaccess.org/static/fr-FR-alcohol/Vins-Bourgogne-20100322/index.html
Rose-danjou-20100322;http://repos.kbaccess.org/static/fr-FR-alcohol/Rose-danjou-20100322/index.html
Listel-20100322;http://repos.kbaccess.org/static/fr-FR-alcohol/Listel-20100322/index.html
Rhum-3Riviere-20100322;http://repos.kbaccess.org/static/fr-FR-alcohol/Rhum-3Riviere-20100322/index.html
Suze-20100322;http://repos.kbaccess.org/static/fr-FR-alcohol/Suze-20100322/index.html
Hospices-de-Beaunes-20100322;http://repos.kbaccess.org/static/fr-FR-alcohol/Hospices-de-Beaunes-20100322/index.html
Montbazillac-20100322;http://repos.kbaccess.org/static/fr-FR-alcohol/Montbazillac-20100322/index.html
Moulin-a-vent-20100322;http://repos.kbaccess.org/static/fr-FR-alcohol/Moulin-a-vent-20100322/index.html
Puech-Haut-20100322;http://repos.kbaccess.org/static/fr-FR-alcohol/Puech-Haut-20100322/index.html
Pastis-51-20100322;http://repos.kbaccess.org/static/fr-FR-alcohol/Pastis-51-20100322/index.html
Chateau-Margaux-20100322;http://repos.kbaccess.org/static/fr-FR-alcohol/Chateau-Margaux-20100322/index.html
Villiger-20100322;http://repos.kbaccess.org/static/en-EN-cigarettes/Villiger-20100322/index.html
CCI-Anonnays-20100322;http://repos.kbaccess.org/static/fr-FR-cci/CCI-Anonnays-20100322/index.html
CCI-Gers-20100322;http://repos.kbaccess.org/static/fr-FR-cci/CCI-Gers-20100322/index.html
CCI-Nice-20100322;http://repos.kbaccess.org/static/fr-FR-cci/CCI-Nice-20100322/index.html
CCI-Toulouse-20100322;http://repos.kbaccess.org/static/fr-FR-cci/CCI-Toulouse-20100322/index.html
CCI-Loir-et-Cher-20100322;http://repos.kbaccess.org/static/fr-FR-cci/CCI-Loir-et-Cher-20100322/index.html
CCI-Eure-et-Loire-20100322;http://repos.kbaccess.org/static/fr-FR-cci/CCI-Eure-et-Loire-20100322/index.html
CCI-Polynesie-20100322;http://repos.kbaccess.org/static/fr-FR-cci/CCI-Polynesie-20100322/index.html
CCI-Fecamp-20100322;http://repos.kbaccess.org/static/fr-FR-cci/CCI-Fecamp-20100322/index.html
CCI-Caen-20100322;http://repos.kbaccess.org/static/fr-FR-cci/CCI-Caen-20100322/index.html
CCI-Cotes-D-armor-20100322;http://repos.kbaccess.org/static/fr-FR-cci/CCI-Cotes-D'armor-20100322/index.html
CCI-St-Etienne-20100322;http://repos.kbaccess.org/static/fr-FR-cci/CCI-St-Etienne-20100322/index.html
CCI-Bolbec-20100322;http://repos.kbaccess.org/static/fr-FR-cci/CCI-Bolbec-20100322/index.html
CCI-Boulogne-sur-Mer-20100322;http://repos.kbaccess.org/static/fr-FR-cci/CCI-Boulogne-sur-Mer-20100322/index.html
CCI-Bastia-20100322;http://repos.kbaccess.org/static/fr-FR-cci/CCI-Bastia-20100322/index.html
CCI-Touraine-20100322;http://repos.kbaccess.org/static/fr-FR-cci/CCI-Touraine-20100322/index.html
CCI-Moulin-20100322;http://repos.kbaccess.org/static/fr-FR-cci/CCI-Moulin-20100322/index.html
CCI-Ajaccio-20100322;http://repos.kbaccess.org/static/fr-FR-cci/CCI-Ajaccio-20100322/index.html
CCI-Pau-20100322;http://repos.kbaccess.org/static/fr-FR-cci/CCI-Pau-20100322/index.html
CCI-Eure-20100322;http://repos.kbaccess.org/static/fr-FR-cci/CCI-Eure-20100322/index.html
CCI-Montpellier-20100322;http://repos.kbaccess.org/static/fr-FR-cci/CCI-Montpellier-20100322/index.html
CCI-Cotes-d-armor-20100322;http://repos.kbaccess.org/static/fr-FR-cci/CCI-Cotes-d'armor-20100322/index.html
CCI-La-Rochelle-20100322;http://repos.kbaccess.org/static/fr-FR-cci/CCI-La-Rochelle-20100322/index.html
CCI-Meuse-20100322;http://repos.kbaccess.org/static/fr-FR-cci/CCI-Meuse-20100322/index.html
CCI-Rouen-20100322;http://repos.kbaccess.org/static/fr-FR-cci/CCI-Rouen-20100322/index.html
CCI-Haute-Marne-20100322;http://repos.kbaccess.org/static/fr-FR-cci/CCI-Haute-Marne-20100322/index.html
CCI-Dijon-20100322;http://repos.kbaccess.org/static/fr-FR-cci/CCI-Dijon-20100322/index.html
CCI-Dieppe-20100322;http://repos.kbaccess.org/static/fr-FR-cci/CCI-Dieppe-20100322/index.html
CCI-Cantal-20100322;http://repos.kbaccess.org/static/fr-FR-cci/CCI-Cantal-20100322/index.html
CCI-Correze-20100322;http://repos.kbaccess.org/static/fr-FR-cci/CCI-Correze-20100322/index.html
CCI-Reims-20100322;http://repos.kbaccess.org/static/fr-FR-cci/CCI-Reims-20100322/index.html
CCI-Pays-d-Auge-20100322;http://repos.kbaccess.org/static/fr-FR-cci/CCI-Pays-d'Auge-20100322/index.html
CCI-Limoges-20100322;http://repos.kbaccess.org/static/fr-FR-cci/CCI-Limoges-20100322/index.html
CCI-Flers-20100322;http://repos.kbaccess.org/static/fr-FR-cci/CCI-Flers-20100322/index.html
CCI-Alencon-20100322;http://repos.kbaccess.org/static/fr-FR-cci/CCI-Alencon-20100322/index.html
CCI-Grenoble-20100322;http://repos.kbaccess.org/static/fr-FR-cci/CCI-Grenoble-20100322/index.html
CCI-Yonne-20100322;http://repos.kbaccess.org/static/fr-FR-cci/CCI-Yonne-20100322/index.html
CCI-Drome-20100322;http://repos.kbaccess.org/static/fr-FR-cci/CCI-Drome-20100322/index.html
CCI-Digne-20100322;http://repos.kbaccess.org/static/fr-FR-cci/CCI-Digne-20100322/index.html
CCI-Morbihan-20100322;http://repos.kbaccess.org/static/fr-FR-cci/CCI-Morbihan-20100322/index.html
CCI-Rochefort-20100322;http://repos.kbaccess.org/static/fr-FR-cci/CCI-Rochefort-20100322/index.html
CCI-Arles-20100322;http://repos.kbaccess.org/static/fr-FR-cci/CCI-Arles-20100322/index.html
CCI-Oise-20100322;http://repos.kbaccess.org/static/fr-FR-cci/CCI-Oise-20100322/index.html
CCI-93-20100322;http://repos.kbaccess.org/static/fr-FR-cci/CCI-93-20100322/index.html
CCI-Lille-20100322;http://repos.kbaccess.org/static/fr-FR-cci/CCI-Lille-20100322/index.html
CCI-Arras-20100322;http://repos.kbaccess.org/static/fr-FR-cci/CCI-Arras-20100322/index.html
CCI-Roanne-20100322;http://repos.kbaccess.org/static/fr-FR-cci/CCI-Roanne-20100322/index.html
CCI-Cherbourg-20100322;http://repos.kbaccess.org/static/fr-FR-cci/CCI-Cherbourg-20100322/index.html
CCI-Clermont-20100322;http://repos.kbaccess.org/static/fr-FR-cci/CCI-Clermont-20100322/index.html
CCI-Thiers-20100322;http://repos.kbaccess.org/static/fr-FR-cci/CCI-Thiers-20100322/index.html
CCI-Nancy-20100322;http://repos.kbaccess.org/static/fr-FR-cci/CCI-Nancy-20100322/index.html
CCI-Perpignan-20100322;http://repos.kbaccess.org/static/fr-FR-cci/CCI-Perpignan-20100322/index.html
CCI-Lyon-20100322;http://repos.kbaccess.org/static/fr-FR-cci/CCI-Lyon-20100322/index.html
CCI-Pointe-a-Pitre-20100322;http://repos.kbaccess.org/static/fr-FR-cci/CCI-Pointe-a-Pitre-20100322/index.html
CCI-Seine-et-Marne-20100322;http://repos.kbaccess.org/static/fr-FR-cci/CCI-Seine-et-Marne-20100322/index.html
CCI-Nievre-20100322;http://repos.kbaccess.org/static/fr-FR-cci/CCI-Nievre-20100322/index.html
CCI-Le-Puy-20100322;http://repos.kbaccess.org/static/fr-FR-cci/CCI-Le-Puy-20100322/index.html
CCI-Rennes-20100322;http://repos.kbaccess.org/static/fr-FR-cci/CCI-Rennes-20100322/index.html
CCI-Haute-Saone-20100322;http://repos.kbaccess.org/static/fr-FR-cci/CCI-Haute-Saone-20100322/index.html
CCI-Lot-20100322;http://repos.kbaccess.org/static/fr-FR-cci/CCI-Lot-20100322/index.html
CCI-Haute-Savoie-20100322;http://repos.kbaccess.org/static/fr-FR-cci/CCI-Haute-Savoie-20100322/index.html
CCI-Grandville-20100322;http://repos.kbaccess.org/static/fr-FR-cci/CCI-Grandville-20100322/index.html
CCI-Savoie-20100322;http://repos.kbaccess.org/static/fr-FR-cci/CCI-Savoie-20100322/index.html
CCI-Lozere-20100322;http://repos.kbaccess.org/static/fr-FR-cci/CCI-Lozere-20100322/index.html
CCI-Vendee-20100322;http://repos.kbaccess.org/static/fr-FR-cci/CCI-Vendee-20100322/index.html
CCI-Mayenne-20100322;http://repos.kbaccess.org/static/fr-FR-cci/CCI-Mayenne-20100322/index.html
CCI-Cambresis-20100322;http://repos.kbaccess.org/static/fr-FR-cci/CCI-Cambresis-20100322/index.html
CCI-Landes-20100322;http://repos.kbaccess.org/static/fr-FR-cci/CCI-Landes-20100322/index.html
CCI-Amiens-20100322;http://repos.kbaccess.org/static/fr-FR-cci/CCI-Amiens-20100322/index.html
CCI-Nimes-20100322;http://repos.kbaccess.org/static/fr-FR-cci/CCI-Nimes-20100322/index.html
CCI-Nouvelle-caledonies-20100322;http://repos.kbaccess.org/static/fr-FR-cci/CCI-Nouvelle-caledonies-20100322/index.html
CCI-Chalon-en-Champagne-20100322;http://repos.kbaccess.org/static/fr-FR-cci/CCI-Chalon-en-Champagne-20100322/index.html
CCI-Angouleme-20100322;http://repos.kbaccess.org/static/fr-FR-cci/CCI-Angouleme-20100322/index.html
CCI-Aisne-20100322;http://repos.kbaccess.org/static/fr-FR-cci/CCI-Aisne-20100322/index.html
CCI-Millau-20100322;http://repos.kbaccess.org/static/fr-FR-cci/CCI-Millau-20100322/index.html
CCI-Morlaix-20100322;http://repos.kbaccess.org/static/fr-FR-cci/CCI-Morlaix-20100322/index.html
CCI-St-Malo-20100322;http://repos.kbaccess.org/static/fr-FR-cci/CCI-St-Malo-20100322/index.html
CCI-Nantes-20100322;http://repos.kbaccess.org/static/fr-FR-cci/CCI-Nantes-20100322/index.html
CCI-Ambert-20100322;http://repos.kbaccess.org/static/fr-FR-cci/CCI-Ambert-20100322/index.html
CCI-Fougeres-20100322;http://repos.kbaccess.org/static/fr-FR-cci/CCI-Fougeres-20100322/index.html
CCI-Le-Havre-20100322;http://repos.kbaccess.org/static/fr-FR-cci/CCI-Le-Havre-20100322/index.html
CCI-Colmar-20100322;http://repos.kbaccess.org/static/fr-FR-cci/CCI-Colmar-20100322/index.html
CCI-Castre-Mazamet-20100322;http://repos.kbaccess.org/static/fr-FR-cci/CCI-Castre-Mazamet-20100322/index.html
CCI-Vosges-20100322;http://repos.kbaccess.org/static/fr-FR-cci/CCI-Vosges-20100322/index.html
CCI-Brioude-20100322;http://repos.kbaccess.org/static/fr-FR-cci/CCI-Brioude-20100322/index.html
CCI-Quimper-20100322;http://repos.kbaccess.org/static/fr-FR-cci/CCI-Quimper-20100322/index.html
CCI-Beaune-20100322;http://repos.kbaccess.org/static/fr-FR-cci/CCI-Beaune-20100322/index.html
CCI-Libourne-20100322;http://repos.kbaccess.org/static/fr-FR-cci/CCI-Libourne-20100322/index.html
CCI-Bordeaux-20100322;http://repos.kbaccess.org/static/fr-FR-cci/CCI-Bordeaux-20100322/index.html
CCI-Indre-20100322;http://repos.kbaccess.org/static/fr-FR-cci/CCI-Indre-20100322/index.html
CCI-Avignon-20100322;http://repos.kbaccess.org/static/fr-FR-cci/CCI-Avignon-20100322/index.html
CCI-Nord-d-Isere-20100322;http://repos.kbaccess.org/static/fr-FR-cci/CCI-Nord-d-Isere-20100322/index.html
CCI-Brest-20100322;http://repos.kbaccess.org/static/fr-FR-cci/CCI-Brest-20100322/index.html
CCI-Troyes-20100322;http://repos.kbaccess.org/static/fr-FR-cci/CCI-Troyes-20100322/index.html
CCI-Montlucon-20100322;http://repos.kbaccess.org/static/fr-FR-cci/CCI-Montlucon-20100322/index.html
CCI-Marseille-20100322;http://repos.kbaccess.org/static/fr-FR-cci/CCI-Marseille-20100322/index.html
CCI-Rodez-20100322;http://repos.kbaccess.org/static/fr-FR-cci/CCI-Rodez-20100322/index.html
CCI-Sete-20100322;http://repos.kbaccess.org/static/fr-FR-cci/CCI-Sete-20100322/index.html
CCI-Valenciennes-20100322;http://repos.kbaccess.org/static/fr-FR-cci/CCI-Valenciennes-20100322/index.html
CCI-Essone-20100322;http://repos.kbaccess.org/static/fr-FR-cci/CCI-Essone-20100322/index.html
CCI-Treport-20100322;http://repos.kbaccess.org/static/fr-FR-cci/CCI-Treport-20100322/index.html
CCI-Jura-20100322;http://repos.kbaccess.org/static/fr-FR-cci/CCI-Jura-20100322/index.html
CCI-Mulhouse-20100322;http://repos.kbaccess.org/static/fr-FR-cci/CCI-Mulhouse-20100322/index.html
CCI-Ariege-20100322;http://repos.kbaccess.org/static/fr-FR-cci/CCI-Ariege-20100322/index.html
CCI-Lot-et-Garonne-20100322;http://repos.kbaccess.org/static/fr-FR-cci/CCI-Lot-et-Garonne-20100322/index.html
CCI-Morlais-20100322;http://repos.kbaccess.org/static/fr-FR-cci/CCI-Morlais-20100322/index.html
CCI-Maine-et-Loire-20100322;http://repos.kbaccess.org/static/fr-FR-cci/CCI-Maine-et-Loire-20100322/index.html
CCI-94-20100323;http://repos.kbaccess.org/static/fr-FR-cci/CCI-94-20100323/index.html
CCI-Peronne-20100322;http://repos.kbaccess.org/static/fr-FR-cci/CCI-Peronne-20100322/index.html
CCI-Beaujolais-20100322;http://repos.kbaccess.org/static/fr-FR-cci/CCI-Beaujolais-20100322/index.html
CCI-Poitiers-20100322;http://repos.kbaccess.org/static/fr-FR-cci/CCI-Poitiers-20100322/index.html
CCI-Lens-20100322;http://repos.kbaccess.org/static/fr-FR-cci/CCI-Lens-20100322/index.html
CCI-75-20100322;http://repos.kbaccess.org/static/fr-FR-cci/CCI-75-20100322/index.html
CCI-Versailles-20100322;http://repos.kbaccess.org/static/fr-FR-cci/CCI-Versailles-20100322/index.html
CCI-Tarbes-20100322;http://repos.kbaccess.org/static/fr-FR-cci/CCI-Tarbes-20100322/index.html
CCI-Ain-20100322;http://repos.kbaccess.org/static/fr-FR-cci/CCI-Ain-20100322/index.html
CCI-Calais-20100322;http://repos.kbaccess.org/static/fr-FR-cci/CCI-Calais-20100322/index.html
CCI-Ardeche-meridionale-20100322;http://repos.kbaccess.org/static/fr-FR-cci/CCI-Ardeche-meridionale-20100322/index.html
CCI-Dunkerque-20100322;http://repos.kbaccess.org/static/fr-FR-cci/CCI-Dunkerque-20100322/index.html
CCI-Paris-20100322;http://repos.kbaccess.org/static/fr-FR-cci/CCI-Paris-20100322/index.html
CCI-Ardennes-20100322;http://repos.kbaccess.org/static/fr-FR-cci/CCI-Ardennes-20100322/index.html
CCI-Picardie-maritime-20100322;http://repos.kbaccess.org/static/fr-FR-cci/CCI-Picardie-maritime-20100322/index.html
CCI-Montauban-20100322;http://repos.kbaccess.org/static/fr-FR-cci/CCI-Montauban-20100322/index.html
CCI-Doubs-20100322;http://repos.kbaccess.org/static/fr-FR-cci/CCI-Doubs-20100322/index.html
CCI-Avesnes-20100322;http://repos.kbaccess.org/static/fr-FR-cci/CCI-Avesnes-20100322/index.html
CCI-Albi-20100322;http://repos.kbaccess.org/static/fr-FR-cci/CCI-Albi-20100322/index.html
CCI-Le-Mans-20100322;http://repos.kbaccess.org/static/fr-FR-cci/CCI-Le-Mans-20100322/index.html
CCI-Reunion-20100322;http://repos.kbaccess.org/static/fr-FR-cci/CCI-Reunion-20100322/index.html
CCI-Caracassone-20100322;http://repos.kbaccess.org/static/fr-FR-cci/CCI-Caracassone-20100322/index.html
CCI-Elbeuf-20100322;http://repos.kbaccess.org/static/fr-FR-cci/CCI-Elbeuf-20100322/index.html
CCI-Var-20100322;http://repos.kbaccess.org/static/fr-FR-cci/CCI-Var-20100322/index.html
CCI-Cher-20100322;http://repos.kbaccess.org/static/fr-FR-cci/CCI-Cher-20100322/index.html
CCI-Tulles-20100322;http://repos.kbaccess.org/static/fr-FR-cci/CCI-Tulles-20100322/index.html
CCI-Ales-20100322;http://repos.kbaccess.org/static/fr-FR-cci/CCI-Ales-20100322/index.html
CCI-Basse-Terre-20100322;http://repos.kbaccess.org/static/fr-FR-cci/CCI-Basse-Terre-20100322/index.html
CCI-Cognac-20100322;http://repos.kbaccess.org/static/fr-FR-cci/CCI-Cognac-20100322/index.html
CCI-Bayonne-20100322;http://repos.kbaccess.org/static/fr-FR-cci/CCI-Bayonne-20100322/index.html
CCI-Guyane-20100322;http://repos.kbaccess.org/static/fr-FR-cci/CCI-Guyane-20100322/index.html
CCI-Moselle-20100322;http://repos.kbaccess.org/static/fr-FR-cci/CCI-Moselle-20100322/index.html
CCI-Martinique-20100322;http://repos.kbaccess.org/static/fr-FR-cci/CCI-Martinique-20100322/index.html
CCI-Loiret-20100322;http://repos.kbaccess.org/static/fr-FR-cci/CCI-Loiret-20100322/index.html
CCI-Deux-Sevres-20100322;http://repos.kbaccess.org/static/fr-FR-cci/CCI-Deux-Sevres-20100322/index.html
Universite-Lyon-II-20100323;http://repos.kbaccess.org/static/fr-FR-universities/Universite-Lyon-II-20100323/index.html
Universite-Paris-7-20100323;http://repos.kbaccess.org/static/fr-FR-universities/Universite-Paris-7-20100323/index.html
Universite-Strasbourg-20100323;http://repos.kbaccess.org/static/fr-FR-universities/Universite-Strasbourg-20100323/index.html
Universite-Reims-20100323;http://repos.kbaccess.org/static/fr-FR-universities/Universite-Reims-20100323/index.html
Universite-St-Etienne-20100323;http://repos.kbaccess.org/static/fr-FR-universities/Universite-St-Etienne-20100323/index.html
Universite-Nancy-I-20100323;http://repos.kbaccess.org/static/fr-FR-universities/Universite-Nancy-I-20100323/index.html
Universite-Angers-20100323;http://repos.kbaccess.org/static/fr-FR-universities/Universite-Angers-20100323/index.html
Universite-Aix-Marseille-II-20100323;http://repos.kbaccess.org/static/fr-FR-universities/Universite-Aix-Marseille-II-20100323/index.html
Universite-Tours-20100323;http://repos.kbaccess.org/static/fr-FR-universities/Universite-Tours-20100323/index.html
Universite-Nice-20100323;http://repos.kbaccess.org/static/fr-FR-universities/Universite-Nice-20100323/index.html
Universite-Versailles-St-Quentin-20100323;http://repos.kbaccess.org/static/fr-FR-universities/Universite-Versailles-St-Quentin-20100323/index.html
Universite-Paris-3-20100323;http://repos.kbaccess.org/static/fr-FR-universities/Universite-Paris-3-20100323/index.html
Universite-Paris-2-20100323;http://repos.kbaccess.org/static/fr-FR-universities/Universite-Paris-2-20100323/index.html
Universite-Lyon-III-20100323;http://repos.kbaccess.org/static/fr-FR-universities/Universite-Lyon-III-20100323/index.html
Universite-Nimes-20100323;http://repos.kbaccess.org/static/fr-FR-universities/Universite-Nimes-20100323/index.html
Universite-Picardie-20100323;http://repos.kbaccess.org/static/fr-FR-universities/Universite-Picardie-20100323/index.html
Universite-Toyes-20100323;http://repos.kbaccess.org/static/fr-FR-universities/Universite-Toyes-20100323/index.html
Universite-Lille-II-20100323;http://repos.kbaccess.org/static/fr-FR-universities/Universite-Lille-II-20100323/index.html
Universite-Nancy-II-20100323;http://repos.kbaccess.org/static/fr-FR-universities/Universite-Nancy-II-20100323/index.html
Universite-Aix-Marseille-III-20100323;http://repos.kbaccess.org/static/fr-FR-universities/Universite-Aix-Marseille-III-20100323/index.html
Universite-Bordeaux-I-20100323;http://repos.kbaccess.org/static/fr-FR-universities/Universite-Bordeaux-I-20100323/index.html
Universite-Caen-20100323;http://repos.kbaccess.org/static/fr-FR-universities/Universite-Caen-20100323/index.html
Universite-Artois-20100323;http://repos.kbaccess.org/static/fr-FR-universities/Universite-Artois-20100323/index.html
Universite-Polynesie-20100323;http://repos.kbaccess.org/static/fr-FR-universities/Universite-Polynesie-20100323/index.html
Universite-Haute-Alsace-20100323;http://repos.kbaccess.org/static/fr-FR-universities/Universite-Haute-Alsace-20100323/index.html
Universite-Paris-5-20100323;http://repos.kbaccess.org/static/fr-FR-universities/Universite-Paris-5-20100323/index.html
Universite-Toulon-20100323;http://repos.kbaccess.org/static/fr-FR-universities/Universite-Toulon-20100323/index.html
Universite-Bordeaux-III-20100323;http://repos.kbaccess.org/static/fr-FR-universities/Universite-Bordeaux-III-20100323/index.html
Universite-Clermont-I-20100323;http://repos.kbaccess.org/static/fr-FR-universities/Universite-Clermont-I-20100323/index.html
Universite-Avignon-20100323;http://repos.kbaccess.org/static/fr-FR-universities/Universite-Avignon-20100323/index.html
Universite-Paris-13-20100323;http://repos.kbaccess.org/static/fr-FR-universities/Universite-Paris-13-20100323/index.html
Universite-Montpellier-II-20100323;http://repos.kbaccess.org/static/fr-FR-universities/Universite-Montpellier-II-20100323/index.html
Universite-Evry-20100323;http://repos.kbaccess.org/static/fr-FR-universities/Universite-Evry-20100323/index.html
Universite-Clermont-II-20100323;http://repos.kbaccess.org/static/fr-FR-universities/Universite-Clermont-II-20100323/index.html
Universite-Paris-12-20100323;http://repos.kbaccess.org/static/fr-FR-universities/Universite-Paris-12-20100323/index.html
Universite-Pau-20100323;http://repos.kbaccess.org/static/fr-FR-universities/Universite-Pau-20100323/index.html
Universite-Marseille-20100323;http://repos.kbaccess.org/static/fr-FR-universities/Universite-Marseille-20100323/index.html
Universite-Nouvelle-Caledonie-20100323;http://repos.kbaccess.org/static/fr-FR-universities/Universite-Nouvelle-Caledonie-20100323/index.html
Universite-Rennes-I-20100323;http://repos.kbaccess.org/static/fr-FR-universities/Universite-Rennes-I-20100323/index.html
Universite-Marne-la-Vallee-20100323;http://repos.kbaccess.org/static/fr-FR-universities/Universite-Marne-la-Vallee-20100323/index.html
Universite-Aix-Marseille-I-20100323;http://repos.kbaccess.org/static/fr-FR-universities/Universite-Aix-Marseille-I-20100323/index.html
Universite-Lille-I-20100323;http://repos.kbaccess.org/static/fr-FR-universities/Universite-Lille-I-20100323/index.html
Universite-Orleans-20100323;http://repos.kbaccess.org/static/fr-FR-universities/Universite-Orleans-20100323/index.html
Universite-Montpellier-I-20100323;http://repos.kbaccess.org/static/fr-FR-universities/Universite-Montpellier-I-20100323/index.html
Universite-Bordeaux-IV-20100323;http://repos.kbaccess.org/static/fr-FR-universities/Universite-Bordeaux-IV-20100323/index.html
Universite-Lyon-I-20100323;http://repos.kbaccess.org/static/fr-FR-universities/Universite-Lyon-I-20100323/index.html
Universite-Toulouse-I-20100323;http://repos.kbaccess.org/static/fr-FR-universities/Universite-Toulouse-I-20100323/index.html
Universite-Savoie-20100323;http://repos.kbaccess.org/static/fr-FR-universities/Universite-Savoie-20100323/index.html
Universite-Paris-1-20100323;http://repos.kbaccess.org/static/fr-FR-universities/Universite-Paris-1-20100323/index.html
Universite-Metz-20100323;http://repos.kbaccess.org/static/fr-FR-universities/Universite-Metz-20100323/index.html
Universite-Compiegne-20100323;http://repos.kbaccess.org/static/fr-FR-universities/Universite-Compiegne-20100323/index.html
Universite-Antilles-Guyane-20100323;http://repos.kbaccess.org/static/fr-FR-universities/Universite-Antilles-Guyane-20100323/index.html
Universite-Paris-8-20100323;http://repos.kbaccess.org/static/fr-FR-universities/Universite-Paris-8-20100323/index.html
Universite-Bordeaux-II-20100323;http://repos.kbaccess.org/static/fr-FR-universities/Universite-Bordeaux-II-20100323/index.html
Universite-Belfort-20100323;http://repos.kbaccess.org/static/fr-FR-universities/Universite-Belfort-20100323/index.html
Universite-Toulouse-II-20100323;http://repos.kbaccess.org/static/fr-FR-universities/Universite-Toulouse-II-20100323/index.html
Universite-Bourgogne-20100323;http://repos.kbaccess.org/static/fr-FR-universities/Universite-Bourgogne-20100323/index.html
Universite-Corse-20100323;http://repos.kbaccess.org/static/fr-FR-universities/Universite-Corse-20100323/index.html
Universite-Limoges-20100323;http://repos.kbaccess.org/static/fr-FR-universities/Universite-Limoges-20100323/index.html
Universite-Toulouse-III-20100323;http://repos.kbaccess.org/static/fr-FR-universities/Universite-Toulouse-III-20100323/index.html
Universite-Grenoble-Pierre-Mendes-France-20100323;http://repos.kbaccess.org/static/fr-FR-universities/Universite-Grenoble-Pierre-Mendes-France-20100323/index.html
Universite-Grenoble-III-20100323;http://repos.kbaccess.org/static/fr-FR-universities/Universite-Grenoble-III-20100323/index.html
Universite-La-Rochelle-20100323;http://repos.kbaccess.org/static/fr-FR-universities/Universite-La-Rochelle-20100323/index.html
Universite-Paris-Dauphine-20100323;http://repos.kbaccess.org/static/fr-FR-universities/Universite-Paris-Dauphine-20100323/index.html
Universite-Rennes-II-20100323;http://repos.kbaccess.org/static/fr-FR-universities/Universite-Rennes-II-20100323/index.html
Universite-Paris-4-20100323;http://repos.kbaccess.org/static/fr-FR-universities/Universite-Paris-4-20100323/index.html
Universite-Grenoble-Joseph-Fourier-20100323;http://repos.kbaccess.org/static/fr-FR-universities/Universite-Grenoble-Joseph-Fourier-20100323/index.html
Universite-Montpellier-III-20100323;http://repos.kbaccess.org/static/fr-FR-universities/Universite-Montpellier-III-20100323/index.html
Universite-Nantes-20100323;http://repos.kbaccess.org/static/fr-FR-universities/Universite-Nantes-20100323/index.html
Universite-Aix-Science-eco-20100323;http://repos.kbaccess.org/static/fr-FR-universities/Universite-Aix-Science-eco-20100323/index.html
Universite-Paris-10-20100323;http://repos.kbaccess.org/static/fr-FR-universities/Universite-Paris-10-20100323/index.html
Universite-Paris-6-20100323;http://repos.kbaccess.org/static/fr-FR-universities/Universite-Paris-6-20100323/index.html
Universite-Lille-III-20100323;http://repos.kbaccess.org/static/fr-FR-universities/Universite-Lille-III-20100323/index.html
Universite-Poitiers-20100323;http://repos.kbaccess.org/static/fr-FR-universities/Universite-Poitiers-20100323/index.html
Universite-Le-Mans-20100323;http://repos.kbaccess.org/static/fr-FR-universities/Universite-Le-Mans-20100323/index.html
Universite-Cergy-20100323;http://repos.kbaccess.org/static/fr-FR-universities/Universite-Cergy-20100323/index.html
Pernod-Ricard-20100322;http://repos.kbaccess.org/static/fr-FR-CAC40/Pernod-Ricard-20100322/index.html
Schneider-Electric-20100322;http://repos.kbaccess.org/static/fr-FR-CAC40/Schneider-Electric-20100322/index.html
Alstom-20100322;http://repos.kbaccess.org/static/fr-FR-CAC40/Alstom-20100322/index.html
Dexia-20100322;http://repos.kbaccess.org/static/fr-FR-CAC40/Dexia-20100322/index.html
Gaz-de-France-20100322;http://repos.kbaccess.org/static/fr-FR-CAC40/Gaz-de-France-20100322/index.html
LVMH-20100322;http://repos.kbaccess.org/static/fr-FR-CAC40/LVMH-20100322/index.html
Air-Liquide-20100322;http://repos.kbaccess.org/static/fr-FR-CAC40/Air-Liquide-20100322/index.html
Saint-Gobain-20100322;http://repos.kbaccess.org/static/fr-FR-CAC40/Saint-Gobain-20100322/index.html
BNP-Paribas-20100322;http://repos.kbaccess.org/static/fr-FR-CAC40/BNP-Paribas-20100322/index.html
Essilor-20100322;http://repos.kbaccess.org/static/fr-FR-CAC40/Essilor-20100322/index.html
Technip-20100322;http://repos.kbaccess.org/static/fr-FR-CAC40/Technip-20100322/index.html
Bouygues-20100322;http://repos.kbaccess.org/static/fr-FR-CAC40/Bouygues-20100322/index.html
Lafarge-20100322;http://repos.kbaccess.org/static/fr-FR-CAC40/Lafarge-20100322/index.html
Peugeot-20100322;http://repos.kbaccess.org/static/fr-FR-CAC40/Peugeot-20100322/index.html
Credit-Agricole-20100322;http://repos.kbaccess.org/static/fr-FR-CAC40/Credit-Agricole-20100322/index.html
Sanofi-Aventis-20100322;http://repos.kbaccess.org/static/fr-FR-CAC40/Sanofi-Aventis-20100322/index.html
Alcatel-Lucent-20100322;http://repos.kbaccess.org/static/fr-FR-CAC40/Alcatel-Lucent-20100322/index.html
Danone-et-Vous-20100322;http://repos.kbaccess.org/static/fr-FR-CAC40/Danone-et-Vous-20100322/index.html
EDF-20100322;http://repos.kbaccess.org/static/fr-FR-CAC40/EDF-20100322/index.html
France-Telecom-20100322;http://repos.kbaccess.org/static/fr-FR-CAC40/France-Telecom-20100322/index.html
Total-20100322;http://repos.kbaccess.org/static/fr-FR-CAC40/Total-20100322/index.html
Axa-20100322;http://repos.kbaccess.org/static/fr-FR-CAC40/Axa-20100322/index.html
PPR-20100322;http://repos.kbaccess.org/static/fr-FR-CAC40/PPR-20100322/index.html
Veolia-20100322;http://repos.kbaccess.org/static/fr-FR-CAC40/Veolia-20100322/index.html
Carrefour-20100322;http://repos.kbaccess.org/static/fr-FR-CAC40/Carrefour-20100322/index.html
Danone-20100322;http://repos.kbaccess.org/static/fr-FR-CAC40/Danone-20100322/index.html
Loreal-20100322;http://repos.kbaccess.org/static/fr-FR-CAC40/Loreal-20100322/index.html
Unibail-20100322;http://repos.kbaccess.org/static/fr-FR-CAC40/Unibail-20100322/index.html
Vinci-20100322;http://repos.kbaccess.org/static/fr-FR-CAC40/Vinci-20100322/index.html
Renault-20100322;http://repos.kbaccess.org/static/fr-FR-CAC40/Renault-20100322/index.html
Societe-Generale-20100322;http://repos.kbaccess.org/static/fr-FR-CAC40/Societe-Generale-20100322/index.html
tourisme-sarthe-20100323;http://repos.kbaccess.org/static/fr-FR-gallerie-AW-2009/tourisme-sarthe-20100323/index.html
atos-origin-20100323;http://repos.kbaccess.org/static/fr-FR-gallerie-AW-2009/atos-origin-20100323/index.html
halpades-20100323;http://repos.kbaccess.org/static/fr-FR-gallerie-AW-2009/halpades-20100323/index.html
ville-bois-guillaume-20100323;http://repos.kbaccess.org/static/fr-FR-gallerie-AW-2009/ville-bois-guillaume-20100323/index.html
micropole-univers-20100323;http://repos.kbaccess.org/static/fr-FR-gallerie-AW-2009/micropole-univers-20100323/index.html
info-vae-idf-20100323;http://repos.kbaccess.org/static/fr-FR-gallerie-AW-2009/info-vae-idf-20100323/index.html
groupama-20100323;http://repos.kbaccess.org/static/fr-FR-gallerie-AW-2009/groupama-20100323/index.html
cours-des-comptes-20100323;http://repos.kbaccess.org/static/fr-FR-gallerie-AW-2009/cours-des-comptes-20100323/index.html
vhille-villejuif-20100323;http://repos.kbaccess.org/static/fr-FR-gallerie-AW-2009/vhille-villejuif-20100323/index.html
arpejeh-20100323;http://repos.kbaccess.org/static/fr-FR-gallerie-AW-2009/arpejeh-20100323/index.html
victor-brito-20100323;http://repos.kbaccess.org/static/fr-FR-gallerie-AW-2009/victor-brito-20100323/index.html
le-siteTv-pour-tous-20100323;http://repos.kbaccess.org/static/fr-FR-gallerie-AW-2009/le-siteTv-pour-tous-20100323/index.html
simply-market-20100323;http://repos.kbaccess.org/static/fr-FR-gallerie-AW-2009/simply-market-20100323/index.html
finistere-accessible-20100323;http://repos.kbaccess.org/static/fr-FR-gallerie-AW-2009/finistere-accessible-20100323/index.html
grosbill-20100323;http://repos.kbaccess.org/static/fr-FR-e-commerce/grosbill-20100323/index.html
TroisSuisses-20100323;http://repos.kbaccess.org/static/fr-FR-e-commerce/3suisses-20100323/index.html
opodo-20100323;http://repos.kbaccess.org/static/fr-FR-e-commerce/opodo-20100323/index.html
surcouf-20100323;http://repos.kbaccess.org/static/fr-FR-e-commerce/surcouf-20100323/index.html
magma-20100323;http://repos.kbaccess.org/static/fr-FR-e-commerce/magma-20100323/index.html
rue-du-commerce-20100323;http://repos.kbaccess.org/static/fr-FR-e-commerce/rue-du-commerce-20100323/index.html
cdiscount-20100323;http://repos.kbaccess.org/static/fr-FR-e-commerce/cdiscount-20100323/index.html
Discounteo-20100323;http://repos.kbaccess.org/static/fr-FR-e-commerce/Discounteo-20100323/index.html
Sarenza-20100323;http://repos.kbaccess.org/static/fr-FR-e-commerce/Sarenza-20100323/index.html
Snkrs-20100323;http://repos.kbaccess.org/static/fr-FR-e-commerce/Snkrs-20100323/index.html
go-voyages-20100323;http://repos.kbaccess.org/static/fr-FR-e-commerce/go-voyages-20100323/index.html
pixmania-20100323;http://repos.kbaccess.org/static/fr-FR-e-commerce/pixmania-20100323/index.html
Vente-privee-20100323;http://repos.kbaccess.org/static/fr-FR-e-commerce/Vente-privee-20100323/index.html
La-Redoute-20100323;http://repos.kbaccess.org/static/fr-FR-e-commerce/La-Redoute-20100323/index.html
Shop-Adidas-20100323;http://repos.kbaccess.org/static/fr-FR-e-commerce/Shop-Adidas-20100323/index.html
amazon-20100323;http://repos.kbaccess.org/static/fr-FR-e-commerce/amazon-20100323/index.html
topachat-20100323;http://repos.kbaccess.org/static/fr-FR-e-commerce/topachat-20100323/index.html
Store-Nike-FR-20100323;http://repos.kbaccess.org/static/fr-FR-e-commerce/Store-Nike-FR-20100323/index.html
Camif-20100323;http://repos.kbaccess.org/static/fr-FR-e-commerce/Camif-20100323/index.html
kia-20100323;http://repos.kbaccess.org/static/fr-FR-motors/kia-20100323/index.html
harley-davidson-20100323;http://repos.kbaccess.org/static/fr-FR-motors/harley-davidson-20100323/index.html
fiat-20100323;http://repos.kbaccess.org/static/fr-FR-motors/fiat-20100323/index.html
nissan-20100323;http://repos.kbaccess.org/static/fr-FR-motors/nissan-20100323/index.html
citroen-20100323;http://repos.kbaccess.org/static/fr-FR-motors/citroen-20100323/index.html
renault-20100323;http://repos.kbaccess.org/static/fr-FR-motors/renault-20100323/index.html
lada-20100323;http://repos.kbaccess.org/static/fr-FR-motors/lada-20100323/index.html
seat-20100323;http://repos.kbaccess.org/static/fr-FR-motors/seat-20100323/index.html
ford-20100323;http://repos.kbaccess.org/static/fr-FR-motors/ford-20100323/index.html
heuliez-20100323;http://repos.kbaccess.org/static/fr-FR-motors/heuliez-20100323/index.html
mbk-20100323;http://repos.kbaccess.org/static/fr-FR-motors/mbk-20100323/index.html
volvocars-20100323;http://repos.kbaccess.org/static/fr-FR-motors/volvocars-20100323/index.html
saab-20100323;http://repos.kbaccess.org/static/fr-FR-motors/saab-20100323/index.html
chevrolet-20100323;http://repos.kbaccess.org/static/fr-FR-motors/chevrolet-20100323/index.html
michelin-20100323;http://repos.kbaccess.org/static/fr-FR-motors/michelin-20100323/index.html
mercedes-benz-20100323;http://repos.kbaccess.org/static/fr-FR-motors/mercedes-benz-20100323/index.html
goodyear-20100323;http://repos.kbaccess.org/static/fr-FR-motors/goodyear-20100323/index.html
mini-20100323;http://repos.kbaccess.org/static/fr-FR-motors/mini-20100323/index.html
bmw-20100323;http://repos.kbaccess.org/static/fr-FR-motors/bmw-20100323/index.html
volkswagen-20100323;http://repos.kbaccess.org/static/fr-FR-motors/volkswagen-20100323/index.html
porsche-20100323;http://repos.kbaccess.org/static/fr-FR-motors/porsche-20100323/index.html
peugeot-20100323;http://repos.kbaccess.org/static/fr-FR-motors/peugeot-20100323/index.html
yamaha-motor-20100323;http://repos.kbaccess.org/static/fr-FR-motors/yamaha-motor-20100323/index.html
suzuki-20100323;http://repos.kbaccess.org/static/fr-FR-motors/suzuki-20100323/index.html
audi-20100323;http://repos.kbaccess.org/static/fr-FR-motors/audi-20100323/index.html
toyota-20100323;http://repos.kbaccess.org/static/fr-FR-motors/toyota-20100323/index.html
lestrans-20100323;http://repos.kbaccess.org/static/fr-FR-festivals/lestrans-20100323/index.html
cinemed-20100323;http://repos.kbaccess.org/static/fr-FR-festivals/cinemed-20100323/index.html
festival-cannes-20100323;http://repos.kbaccess.org/static/fr-FR-festivals/festival-cannes-20100323/index.html
hellfest-20100323;http://repos.kbaccess.org/static/fr-FR-festivals/hellfest-20100323/index.html
garorock-20100323;http://repos.kbaccess.org/static/fr-FR-festivals/garorock-20100323/index.html
solidays-20100323;http://repos.kbaccess.org/static/fr-FR-festivals/solidays-20100323/index.html
rockenseine-20100323;http://repos.kbaccess.org/static/fr-FR-festivals/rockenseine-20100323/index.html
vieillescharrues-20100323;http://repos.kbaccess.org/static/fr-FR-festivals/vieillescharrues-20100323/index.html
gerardmer-fantasticart-20100323;http://repos.kbaccess.org/static/fr-FR-festivals/gerardmer-fantasticart-20100323/index.html
eurockeennes-20100323;http://repos.kbaccess.org/static/fr-FR-festivals/eurockeennes-20100323/index.html
festival-avignon-20100323;http://repos.kbaccess.org/static/fr-FR-festivals/festival-avignon-20100323/index.html
visapourlimage-20100323;http://repos.kbaccess.org/static/fr-FR-festivals/visapourlimage-20100323/index.html
marsatac-20100323;http://repos.kbaccess.org/static/fr-FR-festivals/marsatac-20100323/index.html
laroutedurock-20100323;http://repos.kbaccess.org/static/fr-FR-festivals/laroutedurock-20100323/index.html
voixdugaou-20100323;http://repos.kbaccess.org/static/fr-FR-festivals/voixdugaou-20100323/index.html
festival-deauville-20100323;http://repos.kbaccess.org/static/fr-FR-festivals/festival-deauville-20100323/index.html
espace-julien-20100323;http://repos.kbaccess.org/static/fr-FR-salles-concert/espace-julien-20100323/index.html
nice-acropolis-20100323;http://repos.kbaccess.org/static/fr-FR-salles-concert/nice-acropolis-20100323/index.html
lacigale-20100323;http://repos.kbaccess.org/static/fr-FR-salles-concert/lacigale-20100323/index.html
marquiseclub-20100323;http://repos.kbaccess.org/static/fr-FR-salles-concert/marquiseclub-20100323/index.html
zenith-omega-toulon-20100323;http://repos.kbaccess.org/static/fr-FR-salles-concert/zenith-omega-toulon-20100323/index.html
cargodenuit-20100323;http://repos.kbaccess.org/static/fr-FR-salles-concert/cargodenuit-20100323/index.html
elyseemontmartre-20100323;http://repos.kbaccess.org/static/fr-FR-salles-concert/elyseemontmartre-20100323/index.html
lebuspalladium-20100323;http://repos.kbaccess.org/static/fr-FR-salles-concert/lebuspalladium-20100323/index.html
olympiahall-20100323;http://repos.kbaccess.org/static/fr-FR-salles-concert/olympiahall-20100323/index.html
olympic-20100323;http://repos.kbaccess.org/static/fr-FR-salles-concert/olympic-20100323/index.html
legrandmix-20100323;http://repos.kbaccess.org/static/fr-FR-salles-concert/legrandmix-20100323/index.html
glazart-20100323;http://repos.kbaccess.org/static/fr-FR-salles-concert/glazart-20100323/index.html
antirouillecafe-20100323;http://repos.kbaccess.org/static/fr-FR-salles-concert/antirouillecafe-20100323/index.html
source001-20100323;http://repos.kbaccess.org/static/fr-FR-salles-concert/source001-20100323/index.html
lebikini-20100323;http://repos.kbaccess.org/static/fr-FR-salles-concert/lebikini-20100323/index.html
rockstore-20100323;http://repos.kbaccess.org/static/fr-FR-salles-concert/rockstore-20100323/index.html
lemoulin-20100323;http://repos.kbaccess.org/static/fr-FR-salles-concert/lemoulin-20100323/index.html
aeronef-spectacles-20100323;http://repos.kbaccess.org/static/fr-FR-salles-concert/aeronef-spectacles-20100323/index.html
RegionLR-Cepralmar-20100323;http://repos.kbaccess.org/static/fr-FR-Region-LR-sites/RegionLR-Cepralmar-20100323/index.html
RegionLR-Museum-Agropolis-20100323;http://repos.kbaccess.org/static/fr-FR-Region-LR-sites/RegionLR-Museum-Agropolis-20100323/index.html
RegionLR-Reseau-en-scene-20100323;http://repos.kbaccess.org/static/fr-FR-Region-LR-sites/RegionLR-Reseau-en-scene-20100323/index.html
RegionLR-La-tribu-20100323;http://repos.kbaccess.org/static/fr-FR-Region-LR-sites/RegionLR-La-tribu-20100323/index.html
RegionLR-LR-Amenagement-20100323;http://repos.kbaccess.org/static/fr-FR-Region-LR-sites/RegionLR-LR-Amenagement-20100323/index.html
RegionLR-Risques-naturels-20100323;http://repos.kbaccess.org/static/fr-FR-Region-LR-sites/RegionLR-Risques-naturels-20100323/index.html
RegionLR-Oref-LR-20100323;http://repos.kbaccess.org/static/fr-FR-Region-LR-sites/RegionLR-Oref-LR-20100323/index.html
RegionLR-Sud-de-France-20100323;http://repos.kbaccess.org/static/fr-FR-Region-LR-sites/RegionLR-Sud-de-France-20100323/index.html
RegionLR-BRL-20100323;http://repos.kbaccess.org/static/fr-FR-Region-LR-sites/RegionLR-BRL-20100323/index.html
RegionLR-Sud-de-France-TV-20100323;http://repos.kbaccess.org/static/fr-FR-Region-LR-sites/RegionLR-Sud-de-France-TV-20100323/index.html
RegionLR-LRI-20100323;http://repos.kbaccess.org/static/fr-FR-Region-LR-sites/RegionLR-LRI-20100323/index.html
RegionLR-Culture-20100323;http://repos.kbaccess.org/static/fr-FR-Region-LR-sites/RegionLR-Culture-20100323/index.html
RegionLR-Sun-France-20100323;http://repos.kbaccess.org/static/fr-FR-Region-LR-sites/RegionLR-Sun-France-20100323/index.html
RegionLR-Lo-Cirdoc-20100323;http://repos.kbaccess.org/static/fr-FR-Region-LR-sites/RegionLR-Lo-Cirdoc-20100323/index.html
RegionLR-LR-livres-et-lecture-20100323;http://repos.kbaccess.org/static/fr-FR-Region-LR-sites/RegionLR-LR-livres-et-lecture-20100323/index.html
RegionLR-Synersud-20100323;http://repos.kbaccess.org/static/fr-FR-Region-LR-sites/RegionLR-Synersud-20100323/index.html
RegionLR-Info-entreprises-LR-20100323;http://repos.kbaccess.org/static/fr-FR-Region-LR-sites/RegionLR-Info-entreprises-LR-20100323/index.html
RegionLR-Maison-region-LR-20100323;http://repos.kbaccess.org/static/fr-FR-Region-LR-sites/RegionLR-Maison-region-LR-20100323/index.html
RegionLR-LR-Cinema-20100323;http://repos.kbaccess.org/static/fr-FR-Region-LR-sites/RegionLR-LR-Cinema-20100323/index.html
RegionLR-Enjoy-Montpellier-20100323;http://repos.kbaccess.org/static/fr-FR-Region-LR-sites/RegionLR-Enjoy-Montpellier-20100323/index.html
RegionLR-CRAC-20100323;http://repos.kbaccess.org/static/fr-FR-Region-LR-sites/RegionLR-CRAC-20100323/index.html
RegionLR-Sud-de-France-export-20100323;http://repos.kbaccess.org/static/fr-FR-Region-LR-sites/RegionLR-Sud-de-France-export-20100323/index.html
RegionLR-Invest-LR-20100323;http://repos.kbaccess.org/static/fr-FR-Region-LR-sites/RegionLR-Invest-LR-20100323/index.html
RegionLR-Carif-20100323;http://repos.kbaccess.org/static/fr-FR-Region-LR-sites/RegionLR-Carif-20100323/index.html
RegionLR-Se-Former-20100323;http://repos.kbaccess.org/static/fr-FR-Region-LR-sites/RegionLR-Se-Former-20100323/index.html
RegionLR-Parcs-d-activite-20100323;http://repos.kbaccess.org/static/fr-FR-Region-LR-sites/RegionLR-Parcs-d-activite-20100323/index.html
